next,country,year,month,max,min,idx,count,units,avg,prev
930.00,1,2015,2,214.00,13.00,38,29,1635.00,56.379310,1350.00
944.00,1,2015,3,77.00,3.00,39,31,930.00,30.000000,1635.00
1198.00,1,2015,4,81.00,8.00,40,30,944.00,31.466666,930.00
1046.00,1,2015,5,83.00,13.00,41,31,1198.00,38.645161,944.00
1058.00,1,2015,6,98.00,15.00,42,30,1046.00,34.866666,1198.00
1447.00,1,2015,7,68.00,16.00,43,31,1058.00,34.129032,1046.00
1367.00,1,2015,8,132.00,10.00,44,31,1447.00,46.677419,1058.00
1188.00,1,2015,9,88.00,9.00,45,30,1367.00,45.566666,1447.00
1497.00,1,2015,10,118.00,2.00,46,31,1188.00,38.322580,1367.00
1628.00,1,2015,11,114.00,9.00,47,30,1497.00,49.900000,1188.00
1296.00,1,2015,12,107.00,10.00,48,30,1628.00,54.266666,1497.00
1441.00,1,2016,1,105.00,8.00,49,31,1296.00,41.806451,1628.00
1212.00,1,2016,2,152.00,3.00,50,28,1441.00,51.464285,1296.00
1170.00,1,2016,3,106.00,7.00,51,31,1212.00,39.096774,1441.00
1246.00,1,2016,4,87.00,6.00,52,30,1170.00,39.000000,1212.00
585.00,1,2016,5,82.00,10.00,53,31,1246.00,40.193548,1170.00
605.00,1,2016,6,47.00,15.00,54,20,585.00,29.250000,1246.00
774.00,1,2016,7,62.00,13.00,55,18,605.00,33.611111,585.00
842.00,1,2016,8,65.00,23.00,56,19,774.00,40.736842,605.00
1387.00,1,2016,9,72.00,7.00,57,23,842.00,36.608695,774.00
736.00,1,2016,10,101.00,19.00,58,31,1387.00,44.741935,842.00
1002.00,1,2016,11,104.00,16.00,59,16,736.00,46.000000,1387.00
1431.00,1,2016,12,90.00,10.00,60,24,1002.00,41.750000,736.00
1183.00,1,2017,1,108.00,4.00,61,30,1431.00,47.700000,1002.00
1071.00,1,2017,2,89.00,7.00,62,28,1183.00,42.250000,1431.00
815.00,1,2017,3,81.00,9.00,63,26,1071.00,41.192307,1183.00
943.00,1,2017,4,81.00,11.00,64,28,815.00,29.107142,1071.00
894.00,1,2017,5,126.00,8.00,65,31,943.00,30.419354,815.00
437.00,1,2017,6,74.00,10.00,66,30,894.00,29.800000,943.00
1765.00,1,2017,7,79.00,19.00,67,10,437.00,43.700000,894.00
752.00,1,2017,8,148.00,30.00,68,24,1765.00,73.541666,437.00
754.00,1,2017,9,56.00,6.00,69,30,752.00,25.066666,1765.00
2137.00,10,2015,2,204.00,20.00,38,29,2550.00,87.931034,2898.00
2502.00,10,2015,3,150.00,26.00,39,31,2137.00,68.935483,2550.00
2302.00,10,2015,4,135.00,40.00,40,30,2502.00,83.400000,2137.00
2308.00,10,2015,5,154.00,31.00,41,31,2302.00,74.258064,2502.00
2898.00,10,2015,6,137.00,15.00,42,30,2308.00,76.933333,2302.00
3036.00,10,2015,7,188.00,39.00,43,31,2898.00,93.483870,2308.00
2960.00,10,2015,8,187.00,34.00,44,31,3036.00,97.935483,2898.00
2970.00,10,2015,9,194.00,36.00,45,30,2960.00,98.666666,3036.00
3018.00,10,2015,10,189.00,35.00,46,31,2970.00,95.806451,2960.00
2880.00,10,2015,11,271.00,28.00,47,30,3018.00,100.600000,2970.00
2774.00,10,2015,12,180.00,44.00,48,30,2880.00,96.000000,3018.00
3350.00,10,2016,1,172.00,30.00,49,31,2774.00,89.483870,2880.00
3432.00,10,2016,2,348.00,27.00,50,28,3350.00,119.642857,2774.00
1859.00,10,2016,3,219.00,25.00,51,31,3432.00,110.709677,3350.00
2215.00,10,2016,4,182.00,34.00,52,21,1859.00,88.523809,3432.00
1669.00,10,2016,5,160.00,42.00,53,25,2215.00,88.600000,1859.00
1954.00,10,2016,6,168.00,45.00,54,18,1669.00,92.722222,2215.00
2630.00,10,2016,7,199.00,36.00,55,20,1954.00,97.700000,1669.00
2395.00,10,2016,8,214.00,15.00,56,27,2630.00,97.407407,1954.00
2441.00,10,2016,9,171.00,39.00,57,23,2395.00,104.130434,2630.00
2188.00,10,2016,10,235.00,29.00,58,22,2441.00,110.954545,2395.00
2520.00,10,2016,11,178.00,8.00,59,25,2188.00,87.520000,2441.00
1525.00,10,2016,12,176.00,45.00,60,28,2520.00,90.000000,2188.00
1887.00,10,2017,1,184.00,31.00,61,19,1525.00,80.263157,2520.00
1923.00,10,2017,2,189.00,38.00,62,21,1887.00,89.857142,1525.00
2002.00,10,2017,3,158.00,29.00,63,24,1923.00,80.125000,1887.00
2144.00,10,2017,4,120.00,25.00,64,30,2002.00,66.733333,1923.00
2175.00,10,2017,5,124.00,39.00,65,28,2144.00,76.571428,2002.00
1454.00,10,2017,6,218.00,29.00,66,26,2175.00,83.653846,2144.00
1802.00,10,2017,7,196.00,42.00,67,15,1454.00,96.933333,2175.00
286.00,10,2017,8,138.00,26.00,68,24,1802.00,75.083333,1454.00
1875.00,10,2017,9,79.00,13.00,69,7,286.00,40.857142,1802.00
2883.00,11,2015,2,179.00,41.00,38,29,3019.00,104.103448,3013.00
2761.00,11,2015,3,175.00,43.00,39,31,2883.00,93.000000,3019.00
2402.00,11,2015,4,171.00,53.00,40,30,2761.00,92.033333,2883.00
2671.00,11,2015,5,129.00,33.00,41,31,2402.00,77.483870,2761.00
2501.00,11,2015,6,147.00,45.00,42,30,2671.00,89.033333,2402.00
3075.00,11,2015,7,130.00,41.00,43,31,2501.00,80.677419,2671.00
2553.00,11,2015,8,198.00,41.00,44,31,3075.00,99.193548,2501.00
2618.00,11,2015,9,142.00,46.00,45,30,2553.00,85.100000,3075.00
2718.00,11,2015,10,149.00,37.00,46,31,2618.00,84.451612,2553.00
3132.00,11,2015,11,166.00,16.00,47,30,2718.00,90.600000,2618.00
2856.00,11,2015,12,192.00,52.00,48,30,3132.00,104.400000,2718.00
2429.00,11,2016,1,163.00,36.00,49,31,2856.00,92.129032,3132.00
2579.00,11,2016,2,141.00,34.00,50,28,2429.00,86.750000,2856.00
1629.00,11,2016,3,131.00,44.00,51,31,2579.00,83.193548,2429.00
1767.00,11,2016,4,124.00,36.00,52,21,1629.00,77.571428,2579.00
804.00,11,2016,5,181.00,41.00,53,24,1767.00,73.625000,1629.00
1292.00,11,2016,6,141.00,33.00,54,10,804.00,80.400000,1767.00
2085.00,11,2016,7,132.00,46.00,55,16,1292.00,80.750000,804.00
1713.00,11,2016,8,148.00,30.00,56,28,2085.00,74.464285,1292.00
2017.00,11,2016,9,175.00,31.00,57,23,1713.00,74.478260,2085.00
1278.00,11,2016,10,142.00,29.00,58,29,2017.00,69.551724,1713.00
1811.00,11,2016,11,107.00,35.00,59,18,1278.00,71.000000,2017.00
1384.00,11,2016,12,128.00,1.00,60,25,1811.00,72.440000,1278.00
1548.00,11,2017,1,121.00,23.00,61,19,1384.00,72.842105,1811.00
928.00,11,2017,2,127.00,37.00,62,21,1548.00,73.714285,1384.00
1982.00,11,2017,3,91.00,34.00,63,17,928.00,54.588235,1548.00
1891.00,11,2017,4,110.00,23.00,64,30,1982.00,66.066666,928.00
2172.00,11,2017,5,115.00,23.00,65,31,1891.00,61.000000,1982.00
1509.00,11,2017,6,207.00,31.00,66,30,2172.00,72.400000,1891.00
2126.00,11,2017,7,142.00,29.00,67,23,1509.00,65.608695,2172.00
1143.00,11,2017,8,121.00,30.00,68,31,2126.00,68.580645,1509.00
1971.00,11,2017,9,133.00,17.00,69,18,1143.00,63.500000,2126.00
2136.00,12,2015,2,126.00,35.00,38,29,1997.00,68.862068,2077.00
1703.00,12,2015,3,128.00,31.00,39,31,2136.00,68.903225,1997.00
1607.00,12,2015,4,104.00,26.00,40,30,1703.00,56.766666,2136.00
2049.00,12,2015,5,92.00,25.00,41,31,1607.00,51.838709,1703.00
1699.00,12,2015,6,115.00,37.00,42,30,2049.00,68.300000,1607.00
1713.00,12,2015,7,94.00,25.00,43,31,1699.00,54.806451,2049.00
1680.00,12,2015,8,122.00,21.00,44,31,1713.00,55.258064,1699.00
1948.00,12,2015,9,91.00,23.00,45,30,1680.00,56.000000,1713.00
1566.00,12,2015,10,113.00,16.00,46,31,1948.00,62.838709,1680.00
1956.00,12,2015,11,89.00,20.00,47,30,1566.00,52.200000,1948.00
1900.00,12,2015,12,111.00,36.00,48,30,1956.00,65.200000,1566.00
1804.00,12,2016,1,134.00,21.00,49,31,1900.00,61.290322,1956.00
1509.00,12,2016,2,117.00,30.00,50,28,1804.00,64.428571,1900.00
1310.00,12,2016,3,86.00,22.00,51,31,1509.00,48.677419,1804.00
1073.00,12,2016,4,71.00,18.00,52,28,1310.00,46.785714,1509.00
1244.00,12,2016,5,72.00,26.00,53,24,1073.00,44.708333,1310.00
1371.00,12,2016,6,91.00,26.00,54,23,1244.00,54.086956,1073.00
1557.00,12,2016,7,90.00,22.00,55,24,1371.00,57.125000,1244.00
1276.00,12,2016,8,120.00,34.00,56,24,1557.00,64.875000,1371.00
1634.00,12,2016,9,95.00,27.00,57,23,1276.00,55.478260,1557.00
1327.00,12,2016,10,97.00,26.00,58,31,1634.00,52.709677,1276.00
1644.00,12,2016,11,96.00,33.00,59,23,1327.00,57.695652,1634.00
847.00,12,2016,12,102.00,26.00,60,28,1644.00,58.714285,1327.00
1585.00,12,2017,1,79.00,25.00,61,16,847.00,52.937500,1644.00
1171.00,12,2017,2,105.00,24.00,62,28,1585.00,56.607142,847.00
557.00,12,2017,3,97.00,23.00,63,24,1171.00,48.791666,1585.00
717.00,12,2017,4,60.00,17.00,64,16,557.00,34.812500,1171.00
895.00,12,2017,5,79.00,24.00,65,17,717.00,42.176470,557.00
1458.00,12,2017,6,66.00,30.00,66,20,895.00,44.750000,717.00
1371.00,12,2017,7,67.00,30.00,67,31,1458.00,47.032258,895.00
678.00,12,2017,8,80.00,21.00,68,31,1371.00,44.225806,1458.00
1389.00,12,2017,9,73.00,24.00,69,15,678.00,45.200000,1371.00
6000.00,13,2015,2,293.00,104.00,38,29,5076.00,175.034482,7510.00
5597.00,13,2015,3,317.00,116.00,39,31,6000.00,193.548387,5076.00
5845.00,13,2015,4,398.00,98.00,40,30,5597.00,186.566666,6000.00
6397.00,13,2015,5,306.00,118.00,41,31,5845.00,188.548387,5597.00
6292.00,13,2015,6,324.00,131.00,42,30,6397.00,213.233333,5845.00
6573.00,13,2015,7,326.00,142.00,43,31,6292.00,202.967741,6397.00
5794.00,13,2015,8,367.00,135.00,44,31,6573.00,212.032258,6292.00
5519.00,13,2015,9,364.00,116.00,45,30,5794.00,193.133333,6573.00
4892.00,13,2015,10,260.00,77.00,46,31,5519.00,178.032258,5794.00
5150.00,13,2015,11,257.00,80.00,47,30,4892.00,163.066666,5519.00
5145.00,13,2015,12,257.00,104.00,48,30,5150.00,171.666666,4892.00
4182.00,13,2016,1,274.00,109.00,49,31,5145.00,165.967741,5150.00
4186.00,13,2016,2,235.00,91.00,50,28,4182.00,149.357142,5145.00
2723.00,13,2016,3,277.00,78.00,51,31,4186.00,135.032258,4182.00
2066.00,13,2016,4,225.00,66.00,52,20,2723.00,136.150000,4186.00
4548.00,13,2016,5,200.00,100.00,53,15,2066.00,137.733333,2723.00
5015.00,13,2016,6,254.00,94.00,54,30,4548.00,151.600000,2066.00
4032.00,13,2016,7,300.00,91.00,55,31,5015.00,161.774193,4548.00
1596.00,13,2016,8,299.00,84.00,56,24,4032.00,168.000000,5015.00
2400.00,13,2016,9,222.00,75.00,57,13,1596.00,122.769230,4032.00
3122.00,13,2016,10,164.00,78.00,58,20,2400.00,120.000000,1596.00
3999.00,13,2016,11,176.00,44.00,59,27,3122.00,115.629629,2400.00
3706.00,13,2016,12,237.00,73.00,60,30,3999.00,133.300000,3122.00
2968.00,13,2017,1,202.00,57.00,61,31,3706.00,119.548387,3999.00
3178.00,13,2017,2,181.00,53.00,62,28,2968.00,106.000000,3706.00
2605.00,13,2017,3,207.00,61.00,63,31,3178.00,102.516129,2968.00
1614.00,13,2017,4,264.00,53.00,64,23,2605.00,113.260869,3178.00
2897.00,13,2017,5,153.00,71.00,65,15,1614.00,107.600000,2605.00
4145.00,13,2017,6,201.00,69.00,66,23,2897.00,125.956521,1614.00
4011.00,13,2017,7,199.00,75.00,67,31,4145.00,133.709677,2897.00
2415.00,13,2017,8,298.00,72.00,68,31,4011.00,129.387096,4145.00
2404.00,13,2017,9,168.00,58.00,69,23,2415.00,105.000000,4011.00
997.00,14,2015,2,55.00,14.00,38,29,904.00,31.172413,1038.00
1020.00,14,2015,3,73.00,6.00,39,31,997.00,32.161290,904.00
893.00,14,2015,4,68.00,4.00,40,30,1020.00,34.000000,997.00
1010.00,14,2015,5,61.00,13.00,41,31,893.00,28.806451,1020.00
1033.00,14,2015,6,80.00,14.00,42,30,1010.00,33.666666,893.00
1100.00,14,2015,7,71.00,11.00,43,31,1033.00,33.322580,1010.00
948.00,14,2015,8,72.00,13.00,44,31,1100.00,35.483870,1033.00
1032.00,14,2015,9,78.00,6.00,45,30,948.00,31.600000,1100.00
1030.00,14,2015,10,80.00,10.00,46,31,1032.00,33.290322,948.00
1252.00,14,2015,11,71.00,10.00,47,29,1030.00,35.517241,1032.00
1674.00,14,2015,12,136.00,11.00,48,30,1252.00,41.733333,1030.00
1849.00,14,2016,1,90.00,22.00,49,31,1674.00,54.000000,1252.00
1495.00,14,2016,2,138.00,7.00,50,28,1849.00,66.035714,1674.00
1255.00,14,2016,3,104.00,18.00,51,31,1495.00,48.225806,1849.00
1298.00,14,2016,4,99.00,15.00,52,30,1255.00,41.833333,1495.00
811.00,14,2016,5,77.00,17.00,53,31,1298.00,41.870967,1255.00
1052.00,14,2016,6,75.00,20.00,54,19,811.00,42.684210,1298.00
866.00,14,2016,7,90.00,12.00,55,24,1052.00,43.833333,811.00
627.00,14,2016,8,129.00,13.00,56,24,866.00,36.083333,1052.00
579.00,14,2016,9,57.00,6.00,57,23,627.00,27.260869,866.00
560.00,14,2016,10,50.00,7.00,58,31,579.00,18.677419,627.00
707.00,14,2016,11,52.00,11.00,59,23,560.00,24.347826,579.00
394.00,14,2016,12,94.00,2.00,60,24,707.00,29.458333,560.00
540.00,14,2017,1,31.00,4.00,61,30,394.00,13.133333,707.00
428.00,14,2017,2,128.00,3.00,62,28,540.00,19.285714,394.00
361.00,14,2017,3,38.00,4.00,63,26,428.00,16.461538,540.00
412.00,14,2017,4,38.00,4.00,64,28,361.00,12.892857,428.00
223.00,14,2017,5,33.00,3.00,65,31,412.00,13.290322,361.00
291.00,14,2017,6,20.00,1.00,66,23,223.00,9.695652,412.00
437.00,14,2017,7,31.00,2.00,67,24,291.00,12.125000,223.00
285.00,14,2017,8,48.00,5.00,68,24,437.00,18.208333,291.00
189.00,14,2017,9,23.00,1.00,69,30,285.00,9.500000,437.00
7473.00,15,2015,2,397.00,127.00,38,29,6620.00,228.275862,7437.00
6901.00,15,2015,3,421.00,124.00,39,31,7473.00,241.064516,6620.00
6477.00,15,2015,4,380.00,132.00,40,30,6901.00,230.033333,7473.00
6835.00,15,2015,5,323.00,99.00,41,31,6477.00,208.935483,6901.00
5303.00,15,2015,6,429.00,103.00,42,30,6835.00,227.833333,6477.00
5273.00,15,2015,7,278.00,111.00,43,31,5303.00,171.064516,6835.00
4938.00,15,2015,8,286.00,103.00,44,31,5273.00,170.096774,5303.00
4808.00,15,2015,9,253.00,79.00,45,30,4938.00,164.600000,5273.00
5196.00,15,2015,10,292.00,97.00,46,31,4808.00,155.096774,4938.00
5485.00,15,2015,11,336.00,69.00,47,30,5196.00,173.200000,4808.00
5349.00,15,2015,12,342.00,87.00,48,30,5485.00,182.833333,5196.00
4553.00,15,2016,1,301.00,95.00,49,31,5349.00,172.548387,5485.00
5181.00,15,2016,2,317.00,89.00,50,28,4553.00,162.607142,5349.00
4944.00,15,2016,3,399.00,91.00,51,31,5181.00,167.129032,4553.00
4882.00,15,2016,4,291.00,89.00,52,30,4944.00,164.800000,5181.00
5297.00,15,2016,5,263.00,95.00,53,31,4882.00,157.483870,4944.00
5165.00,15,2016,6,341.00,93.00,54,30,5297.00,176.566666,4882.00
3641.00,15,2016,7,273.00,91.00,55,30,5165.00,172.166666,5297.00
3080.00,15,2016,8,232.00,77.00,56,25,3641.00,145.640000,5165.00
4494.00,15,2016,9,244.00,69.00,57,21,3080.00,146.666666,3641.00
3760.00,15,2016,10,236.00,67.00,58,31,4494.00,144.967741,3080.00
4450.00,15,2016,11,228.00,18.00,59,30,3760.00,125.333333,4494.00
4080.00,15,2016,12,240.00,1.00,60,31,4450.00,143.548387,3760.00
3380.00,15,2017,1,237.00,46.00,61,31,4080.00,131.612903,4450.00
3848.00,15,2017,2,252.00,64.00,62,28,3380.00,120.714285,4080.00
3481.00,15,2017,3,277.00,56.00,63,31,3848.00,124.129032,3380.00
3307.00,15,2017,4,225.00,57.00,64,30,3481.00,116.033333,3848.00
3352.00,15,2017,5,175.00,59.00,65,31,3307.00,106.677419,3481.00
2926.00,15,2017,6,200.00,63.00,66,30,3352.00,111.733333,3307.00
2631.00,15,2017,7,154.00,62.00,67,26,2926.00,112.538461,3352.00
3015.00,15,2017,8,183.00,49.00,68,29,2631.00,90.724137,2926.00
2992.00,15,2017,9,163.00,59.00,69,30,3015.00,100.500000,2631.00
6347.00,16,2015,2,346.00,163.00,38,29,6758.00,233.034482,6815.00
6100.00,16,2015,3,317.00,117.00,39,31,6347.00,204.741935,6758.00
6263.00,16,2015,4,315.00,113.00,40,30,6100.00,203.333333,6347.00
6473.00,16,2015,5,336.00,137.00,41,31,6263.00,202.032258,6100.00
6159.00,16,2015,6,370.00,129.00,42,30,6473.00,215.766666,6263.00
6306.00,16,2015,7,291.00,117.00,43,31,6159.00,198.677419,6473.00
6457.00,16,2015,8,313.00,95.00,44,31,6306.00,203.419354,6159.00
6311.00,16,2015,9,305.00,129.00,45,30,6457.00,215.233333,6306.00
6051.00,16,2015,10,768.00,33.00,46,31,6311.00,203.580645,6457.00
7027.00,16,2015,11,286.00,134.00,47,29,6051.00,208.655172,6311.00
6671.00,16,2015,12,359.00,159.00,48,30,7027.00,234.233333,6051.00
5876.00,16,2016,1,337.00,131.00,49,31,6671.00,215.193548,7027.00
6047.00,16,2016,2,438.00,47.00,50,28,5876.00,209.857142,6671.00
5215.00,16,2016,3,273.00,91.00,51,31,6047.00,195.064516,5876.00
4411.00,16,2016,4,221.00,122.00,52,30,5215.00,173.833333,6047.00
2989.00,16,2016,5,267.00,125.00,53,25,4411.00,176.440000,5215.00
4021.00,16,2016,6,271.00,123.00,54,16,2989.00,186.812500,4411.00
4112.00,16,2016,7,263.00,21.00,55,24,4021.00,167.541666,2989.00
4505.00,16,2016,8,268.00,109.00,56,21,4112.00,195.809523,4021.00
5486.00,16,2016,9,269.00,108.00,57,26,4505.00,173.269230,4112.00
4354.00,16,2016,10,255.00,115.00,58,31,5486.00,176.967741,4505.00
3930.00,16,2016,11,320.00,112.00,59,23,4354.00,189.304347,5486.00
3358.00,16,2016,12,348.00,161.00,60,18,3930.00,218.333333,4354.00
1336.00,16,2017,1,307.00,130.00,61,17,3358.00,197.529411,3930.00
3336.00,16,2017,2,305.00,146.00,62,7,1336.00,190.857142,3358.00
2905.00,16,2017,3,284.00,109.00,63,18,3336.00,185.333333,1336.00
4595.00,16,2017,4,219.00,129.00,64,17,2905.00,170.882352,3336.00
4775.00,16,2017,5,257.00,93.00,65,28,4595.00,164.107142,2905.00
2578.00,16,2017,6,269.00,88.00,66,30,4775.00,159.166666,4595.00
2738.00,16,2017,7,228.00,26.00,67,17,2578.00,151.647058,4775.00
3124.00,16,2017,8,224.00,91.00,68,16,2738.00,171.125000,2578.00
2422.00,16,2017,9,266.00,100.00,69,20,3124.00,156.200000,2738.00
11404.00,17,2015,2,526.00,220.00,38,29,9585.00,330.517241,11933.00
10707.00,17,2015,3,585.00,176.00,39,31,11404.00,367.870967,9585.00
11186.00,17,2015,4,522.00,224.00,40,30,10707.00,356.900000,11404.00
13097.00,17,2015,5,499.00,200.00,41,31,11186.00,360.838709,10707.00
12890.00,17,2015,6,642.00,293.00,42,30,13097.00,436.566666,11186.00
12893.00,17,2015,7,595.00,261.00,43,31,12890.00,415.806451,13097.00
12142.00,17,2015,8,678.00,234.00,44,31,12893.00,415.903225,12890.00
12483.00,17,2015,9,629.00,290.00,45,30,12142.00,404.733333,12893.00
10711.00,17,2015,10,717.00,211.00,46,31,12483.00,402.677419,12142.00
11401.00,17,2015,11,510.00,131.00,47,30,10711.00,357.033333,12483.00
11457.00,17,2015,12,641.00,243.00,48,30,11401.00,380.033333,10711.00
8977.00,17,2016,1,581.00,201.00,49,31,11457.00,369.580645,11401.00
8800.00,17,2016,2,513.00,175.00,50,28,8977.00,320.607142,11457.00
6743.00,17,2016,3,450.00,183.00,51,31,8800.00,283.870967,8977.00
5478.00,17,2016,4,657.00,245.00,52,17,6743.00,396.647058,8800.00
7106.00,17,2016,5,524.00,72.00,53,24,5478.00,228.250000,6743.00
7423.00,17,2016,6,439.00,122.00,54,30,7106.00,236.866666,5478.00
5486.00,17,2016,7,417.00,115.00,55,31,7423.00,239.451612,7106.00
4431.00,17,2016,8,486.00,99.00,56,24,5486.00,228.583333,7423.00
3789.00,17,2016,9,424.00,106.00,57,17,4431.00,260.647058,5486.00
7030.00,17,2016,10,487.00,113.00,58,15,3789.00,252.600000,4431.00
6727.00,17,2016,11,461.00,48.00,59,30,7030.00,234.333333,3789.00
7371.00,17,2016,12,606.00,159.00,60,23,6727.00,292.478260,7030.00
5620.00,17,2017,1,478.00,109.00,61,31,7371.00,237.774193,6727.00
6018.00,17,2017,2,348.00,100.00,62,28,5620.00,200.714285,7371.00
5782.00,17,2017,3,325.00,63.00,63,31,6018.00,194.129032,5620.00
2919.00,17,2017,4,357.00,80.00,64,30,5782.00,192.733333,6018.00
4772.00,17,2017,5,256.00,53.00,65,20,2919.00,145.950000,5782.00
3724.00,17,2017,6,363.00,99.00,66,23,4772.00,207.478260,2919.00
4095.00,17,2017,7,297.00,98.00,67,24,3724.00,155.166666,4772.00
4569.00,17,2017,8,216.00,58.00,68,31,4095.00,132.096774,3724.00
2664.00,17,2017,9,274.00,61.00,69,30,4569.00,152.300000,4095.00
717.00,18,2015,2,94.00,10.00,38,29,805.00,27.758620,922.00
825.00,18,2015,3,45.00,7.00,39,31,717.00,23.129032,805.00
830.00,18,2015,4,56.00,8.00,40,30,825.00,27.500000,717.00
803.00,18,2015,5,50.00,13.00,41,31,830.00,26.774193,825.00
1034.00,18,2015,6,52.00,8.00,42,30,803.00,26.766666,830.00
1105.00,18,2015,7,76.00,16.00,43,31,1034.00,33.354838,803.00
866.00,18,2015,8,59.00,11.00,44,31,1105.00,35.645161,1034.00
957.00,18,2015,9,46.00,17.00,45,30,866.00,28.866666,1105.00
1046.00,18,2015,10,72.00,8.00,46,31,957.00,30.870967,866.00
951.00,18,2015,11,88.00,8.00,47,30,1046.00,34.866666,957.00
1071.00,18,2015,12,75.00,15.00,48,30,951.00,31.700000,1046.00
870.00,18,2016,1,71.00,11.00,49,31,1071.00,34.548387,951.00
980.00,18,2016,2,82.00,9.00,50,28,870.00,31.071428,1071.00
1059.00,18,2016,3,63.00,15.00,51,31,980.00,31.612903,870.00
890.00,18,2016,4,100.00,12.00,52,30,1059.00,35.300000,980.00
754.00,18,2016,5,66.00,9.00,53,26,890.00,34.230769,1059.00
1100.00,18,2016,6,84.00,19.00,54,21,754.00,35.904761,890.00
1064.00,18,2016,7,58.00,21.00,55,31,1100.00,35.483870,754.00
616.00,18,2016,8,61.00,16.00,56,31,1064.00,34.322580,1100.00
973.00,18,2016,9,67.00,13.00,57,17,616.00,36.235294,1064.00
873.00,18,2016,10,61.00,9.00,58,30,973.00,32.433333,616.00
1056.00,18,2016,11,57.00,6.00,59,30,873.00,29.100000,973.00
871.00,18,2016,12,104.00,10.00,60,30,1056.00,35.200000,873.00
882.00,18,2017,1,74.00,10.00,61,31,871.00,28.096774,1056.00
972.00,18,2017,2,94.00,13.00,62,28,882.00,31.500000,871.00
865.00,18,2017,3,92.00,5.00,63,31,972.00,31.354838,882.00
639.00,18,2017,4,79.00,13.00,64,30,865.00,28.833333,972.00
596.00,18,2017,5,48.00,12.00,65,22,639.00,29.045454,865.00
532.00,18,2017,6,49.00,8.00,66,25,596.00,23.840000,639.00
562.00,18,2017,7,43.00,12.00,67,19,532.00,28.000000,596.00
671.00,18,2017,8,62.00,8.00,68,20,562.00,28.100000,532.00
401.00,18,2017,9,56.00,9.00,69,23,671.00,29.173913,562.00
1107.00,19,2015,2,71.00,13.00,38,29,932.00,32.137931,991.00
788.00,19,2015,3,76.00,13.00,39,31,1107.00,35.709677,932.00
920.00,19,2015,4,45.00,12.00,40,30,788.00,26.266666,1107.00
1074.00,19,2015,5,82.00,11.00,41,31,920.00,29.677419,788.00
857.00,19,2015,6,90.00,14.00,42,30,1074.00,35.800000,920.00
1043.00,19,2015,7,51.00,13.00,43,31,857.00,27.645161,1074.00
1289.00,19,2015,8,62.00,16.00,44,31,1043.00,33.645161,857.00
1186.00,19,2015,9,85.00,22.00,45,30,1289.00,42.966666,1043.00
977.00,19,2015,10,99.00,12.00,46,31,1186.00,38.258064,1289.00
1278.00,19,2015,11,72.00,10.00,47,30,977.00,32.566666,1186.00
1488.00,19,2015,12,71.00,15.00,48,30,1278.00,42.600000,977.00
1475.00,19,2016,1,114.00,29.00,49,31,1488.00,48.000000,1278.00
918.00,19,2016,2,155.00,16.00,50,28,1475.00,52.678571,1488.00
775.00,19,2016,3,74.00,8.00,51,31,918.00,29.612903,1475.00
749.00,19,2016,4,52.00,14.00,52,30,775.00,25.833333,918.00
519.00,19,2016,5,65.00,11.00,53,29,749.00,25.827586,775.00
702.00,19,2016,6,47.00,18.00,54,16,519.00,32.437500,749.00
969.00,19,2016,7,46.00,18.00,55,24,702.00,29.250000,519.00
611.00,19,2016,8,69.00,20.00,56,28,969.00,34.607142,702.00
950.00,19,2016,9,56.00,19.00,57,19,611.00,32.157894,969.00
705.00,19,2016,10,71.00,16.00,58,31,950.00,30.645161,611.00
803.00,19,2016,11,52.00,17.00,59,23,705.00,30.652173,950.00
734.00,19,2016,12,96.00,15.00,60,18,803.00,44.611111,705.00
325.00,19,2017,1,98.00,16.00,61,15,734.00,48.933333,803.00
643.00,19,2017,2,88.00,23.00,62,8,325.00,40.625000,734.00
601.00,19,2017,3,101.00,11.00,63,12,643.00,53.583333,325.00
657.00,19,2017,4,46.00,10.00,64,28,601.00,21.464285,643.00
417.00,19,2017,5,50.00,9.00,65,31,657.00,21.193548,601.00
637.00,19,2017,6,36.00,9.00,66,21,417.00,19.857142,657.00
735.00,19,2017,7,52.00,12.00,67,25,637.00,25.480000,417.00
777.00,19,2017,8,77.00,31.00,68,17,735.00,43.235294,637.00
405.00,19,2017,9,47.00,14.00,69,30,777.00,25.900000,735.00
5955.00,2,2015,2,423.00,101.00,38,29,6169.00,212.724137,6676.00
6298.00,2,2015,3,299.00,115.00,39,31,5955.00,192.096774,6169.00
6150.00,2,2015,4,486.00,115.00,40,30,6298.00,209.933333,5955.00
6425.00,2,2015,5,373.00,119.00,41,31,6150.00,198.387096,6298.00
6483.00,2,2015,6,340.00,147.00,42,30,6425.00,214.166666,6150.00
6592.00,2,2015,7,490.00,141.00,43,31,6483.00,209.129032,6425.00
5878.00,2,2015,8,414.00,101.00,44,31,6592.00,212.645161,6483.00
6268.00,2,2015,9,375.00,114.00,45,30,5878.00,195.933333,6592.00
5723.00,2,2015,10,444.00,102.00,46,31,6268.00,202.193548,5878.00
6498.00,2,2015,11,312.00,55.00,47,30,5723.00,190.766666,6268.00
5657.00,2,2015,12,376.00,152.00,48,30,6498.00,216.600000,5723.00
5786.00,2,2016,1,289.00,99.00,49,31,5657.00,182.483870,6498.00
5859.00,2,2016,2,384.00,87.00,50,28,5786.00,206.642857,5657.00
1694.00,2,2016,3,352.00,100.00,51,31,5859.00,189.000000,5786.00
3498.00,2,2016,4,243.00,116.00,52,10,1694.00,169.400000,5859.00
3872.00,2,2016,5,337.00,138.00,53,17,3498.00,205.764705,1694.00
3226.00,2,2016,6,276.00,127.00,54,19,3872.00,203.789473,3498.00
4070.00,2,2016,7,340.00,153.00,55,14,3226.00,230.428571,3872.00
4336.00,2,2016,8,291.00,109.00,56,22,4070.00,185.000000,3226.00
3842.00,2,2016,9,362.00,107.00,57,24,4336.00,180.666666,4070.00
6320.00,2,2016,10,301.00,83.00,58,23,3842.00,167.043478,4336.00
5087.00,2,2016,11,404.00,60.00,59,30,6320.00,210.666666,3842.00
6467.00,2,2016,12,418.00,135.00,60,23,5087.00,221.173913,6320.00
3809.00,2,2017,1,441.00,100.00,61,31,6467.00,208.612903,5087.00
5939.00,2,2017,2,478.00,103.00,62,21,3809.00,181.380952,6467.00
5615.00,2,2017,3,414.00,115.00,63,31,5939.00,191.580645,3809.00
3200.00,2,2017,4,349.00,112.00,64,30,5615.00,187.166666,5939.00
2646.00,2,2017,5,257.00,145.00,65,17,3200.00,188.235294,5615.00
2775.00,2,2017,6,364.00,150.00,66,12,2646.00,220.500000,3200.00
5454.00,2,2017,7,424.00,135.00,67,12,2775.00,231.250000,2646.00
3870.00,2,2017,8,317.00,118.00,68,29,5454.00,188.068965,2775.00
5506.00,2,2017,9,403.00,88.00,69,23,3870.00,168.260869,5454.00
3664.00,20,2015,2,481.00,36.00,38,29,4397.00,151.620689,3833.00
3406.00,20,2015,3,206.00,39.00,39,31,3664.00,118.193548,4397.00
4020.00,20,2015,4,252.00,50.00,40,30,3406.00,113.533333,3664.00
4240.00,20,2015,5,236.00,66.00,41,31,4020.00,129.677419,3406.00
4149.00,20,2015,6,294.00,50.00,42,30,4240.00,141.333333,4020.00
4160.00,20,2015,7,265.00,61.00,43,31,4149.00,133.838709,4240.00
3278.00,20,2015,8,262.00,28.00,44,31,4160.00,134.193548,4149.00
3614.00,20,2015,9,202.00,45.00,45,30,3278.00,109.266666,4160.00
3732.00,20,2015,10,243.00,41.00,46,31,3614.00,116.580645,3278.00
3672.00,20,2015,11,206.00,51.00,47,30,3732.00,124.400000,3614.00
3065.00,20,2015,12,273.00,52.00,48,30,3672.00,122.400000,3732.00
2716.00,20,2016,1,195.00,37.00,49,31,3065.00,98.870967,3672.00
2997.00,20,2016,2,193.00,32.00,50,28,2716.00,97.000000,3065.00
935.00,20,2016,3,184.00,49.00,51,31,2997.00,96.677419,2716.00
2183.00,20,2016,4,198.00,34.00,52,10,935.00,93.500000,2997.00
1638.00,20,2016,5,242.00,61.00,53,20,2183.00,109.150000,935.00
1504.00,20,2016,6,188.00,70.00,54,15,1638.00,109.200000,2183.00
2057.00,20,2016,7,219.00,51.00,55,14,1504.00,107.428571,1638.00
2401.00,20,2016,8,213.00,49.00,56,19,2057.00,108.263157,1504.00
2376.00,20,2016,9,234.00,43.00,57,24,2401.00,100.041666,2057.00
2997.00,20,2016,10,234.00,60.00,58,23,2376.00,103.304347,2401.00
3696.00,20,2016,11,209.00,42.00,59,30,2997.00,99.900000,2376.00
3134.00,20,2016,12,251.00,39.00,60,30,3696.00,123.200000,2997.00
3080.00,20,2017,1,211.00,23.00,61,31,3134.00,101.096774,3696.00
3392.00,20,2017,2,388.00,33.00,62,28,3080.00,110.000000,3134.00
2874.00,20,2017,3,250.00,53.00,63,31,3392.00,109.419354,3080.00
1505.00,20,2017,4,230.00,35.00,64,30,2874.00,95.800000,3392.00
2015.00,20,2017,5,230.00,31.00,65,17,1505.00,88.529411,2874.00
1433.00,20,2017,6,174.00,40.00,66,23,2015.00,87.608695,1505.00
2871.00,20,2017,7,186.00,41.00,67,17,1433.00,84.294117,2015.00
1922.00,20,2017,8,188.00,26.00,68,31,2871.00,92.612903,1433.00
2069.00,20,2017,9,214.00,29.00,69,23,1922.00,83.565217,2871.00
3608.00,21,2015,2,222.00,71.00,38,29,3394.00,117.034482,3987.00
3486.00,21,2015,3,174.00,71.00,39,31,3608.00,116.387096,3394.00
3736.00,21,2015,4,253.00,70.00,40,30,3486.00,116.200000,3608.00
4035.00,21,2015,5,213.00,76.00,41,31,3736.00,120.516129,3486.00
4352.00,21,2015,6,234.00,87.00,42,30,4035.00,134.500000,3736.00
4278.00,21,2015,7,248.00,86.00,43,31,4352.00,140.387096,4035.00
3738.00,21,2015,8,267.00,67.00,44,31,4278.00,138.000000,4352.00
3626.00,21,2015,9,192.00,73.00,45,30,3738.00,124.600000,4278.00
3583.00,21,2015,10,180.00,58.00,46,31,3626.00,116.967741,3738.00
3883.00,21,2015,11,199.00,49.00,47,30,3583.00,119.433333,3626.00
4072.00,21,2015,12,207.00,66.00,48,30,3883.00,129.433333,3583.00
3601.00,21,2016,1,215.00,92.00,49,31,4072.00,131.354838,3883.00
3765.00,21,2016,2,224.00,60.00,50,28,3601.00,128.607142,4072.00
3821.00,21,2016,3,213.00,81.00,51,31,3765.00,121.451612,3601.00
3486.00,21,2016,4,238.00,46.00,52,30,3821.00,127.366666,3765.00
3917.00,21,2016,5,362.00,66.00,53,26,3486.00,134.076923,3821.00
3433.00,21,2016,6,242.00,77.00,54,28,3917.00,139.892857,3486.00
2817.00,21,2016,7,238.00,75.00,55,24,3433.00,143.041666,3917.00
3213.00,21,2016,8,275.00,70.00,56,20,2817.00,140.850000,3433.00
2827.00,21,2016,9,263.00,81.00,57,24,3213.00,133.875000,2817.00
2839.00,21,2016,10,183.00,64.00,58,23,2827.00,122.913043,3213.00
3816.00,21,2016,11,277.00,63.00,59,23,2839.00,123.434782,2827.00
4426.00,21,2016,12,307.00,114.00,60,23,3816.00,165.913043,2839.00
2414.00,21,2017,1,274.00,75.00,61,29,4426.00,152.620689,3816.00
2822.00,21,2017,2,199.00,82.00,62,21,2414.00,114.952380,4426.00
3464.00,21,2017,3,171.00,72.00,63,26,2822.00,108.538461,2414.00
2258.00,21,2017,4,206.00,75.00,64,30,3464.00,115.466666,2822.00
2756.00,21,2017,5,155.00,61.00,65,21,2258.00,107.523809,3464.00
2113.00,21,2017,6,197.00,70.00,66,25,2756.00,110.240000,2258.00
2935.00,21,2017,7,164.00,71.00,67,19,2113.00,111.210526,2756.00
2592.00,21,2017,8,164.00,74.00,68,27,2935.00,108.703703,2113.00
1551.00,21,2017,9,185.00,58.00,69,23,2592.00,112.695652,2935.00
3760.00,22,2015,2,211.00,75.00,38,29,3619.00,124.793103,3999.00
3576.00,22,2015,3,371.00,70.00,39,31,3760.00,121.290322,3619.00
4326.00,22,2015,4,177.00,75.00,40,30,3576.00,119.200000,3760.00
4448.00,22,2015,5,258.00,83.00,41,31,4326.00,139.548387,3576.00
3217.00,22,2015,6,268.00,65.00,42,30,4448.00,148.266666,4326.00
3167.00,22,2015,7,185.00,59.00,43,31,3217.00,103.774193,4448.00
2943.00,22,2015,8,171.00,60.00,44,31,3167.00,102.161290,3217.00
3067.00,22,2015,9,207.00,46.00,45,30,2943.00,98.100000,3167.00
3188.00,22,2015,10,178.00,33.00,46,31,3067.00,98.935483,2943.00
3315.00,22,2015,11,163.00,39.00,47,30,3188.00,106.266666,3067.00
3109.00,22,2015,12,251.00,58.00,48,30,3315.00,110.500000,3188.00
2410.00,22,2016,1,174.00,44.00,49,31,3109.00,100.290322,3315.00
3012.00,22,2016,2,175.00,39.00,50,28,2410.00,86.071428,3109.00
1831.00,22,2016,3,191.00,40.00,51,31,3012.00,97.161290,2410.00
1586.00,22,2016,4,166.00,35.00,52,21,1831.00,87.190476,3012.00
666.00,22,2016,5,123.00,39.00,53,24,1586.00,66.083333,1831.00
1066.00,22,2016,6,124.00,40.00,54,10,666.00,66.600000,1586.00
1994.00,22,2016,7,110.00,28.00,55,16,1066.00,66.625000,666.00
1683.00,22,2016,8,115.00,37.00,56,28,1994.00,71.214285,1066.00
1925.00,22,2016,9,108.00,31.00,57,23,1683.00,73.173913,1994.00
1165.00,22,2016,10,148.00,27.00,58,29,1925.00,66.379310,1683.00
1503.00,22,2016,11,103.00,26.00,59,18,1165.00,64.722222,1925.00
1187.00,22,2016,12,106.00,25.00,60,24,1503.00,62.625000,1165.00
1380.00,22,2017,1,103.00,31.00,61,19,1187.00,62.473684,1503.00
959.00,22,2017,2,139.00,20.00,62,21,1380.00,65.714285,1187.00
1761.00,22,2017,3,104.00,22.00,63,17,959.00,56.411764,1380.00
1768.00,22,2017,4,97.00,26.00,64,30,1761.00,58.700000,959.00
2141.00,22,2017,5,108.00,31.00,65,31,1768.00,57.032258,1761.00
1292.00,22,2017,6,104.00,34.00,66,30,2141.00,71.366666,1768.00
2173.00,22,2017,7,84.00,24.00,67,23,1292.00,56.173913,2141.00
1186.00,22,2017,8,124.00,32.00,68,31,2173.00,70.096774,1292.00
1883.00,22,2017,9,125.00,31.00,69,18,1186.00,65.888888,2173.00
1890.00,23,2015,2,139.00,30.00,38,29,2065.00,71.206896,2463.00
1980.00,23,2015,3,97.00,37.00,39,31,1890.00,60.967741,2065.00
2046.00,23,2015,4,110.00,31.00,40,30,1980.00,66.000000,1890.00
2259.00,23,2015,5,95.00,36.00,41,31,2046.00,66.000000,1980.00
2333.00,23,2015,6,130.00,40.00,42,30,2259.00,75.300000,2046.00
2160.00,23,2015,7,113.00,48.00,43,31,2333.00,75.258064,2259.00
2033.00,23,2015,8,116.00,37.00,44,31,2160.00,69.677419,2333.00
2058.00,23,2015,9,114.00,32.00,45,30,2033.00,67.766666,2160.00
2102.00,23,2015,10,101.00,27.00,46,31,2058.00,66.387096,2033.00
2507.00,23,2015,11,133.00,11.00,47,30,2102.00,70.066666,2058.00
2560.00,23,2015,12,144.00,41.00,48,30,2507.00,83.566666,2102.00
2092.00,23,2016,1,126.00,46.00,49,31,2560.00,82.580645,2507.00
2327.00,23,2016,2,192.00,34.00,50,28,2092.00,74.714285,2560.00
2249.00,23,2016,3,139.00,38.00,51,31,2327.00,75.064516,2092.00
1437.00,23,2016,4,116.00,41.00,52,30,2249.00,74.966666,2327.00
1392.00,23,2016,5,94.00,29.00,53,26,1437.00,55.269230,2249.00
2322.00,23,2016,6,94.00,43.00,54,21,1392.00,66.285714,1437.00
2206.00,23,2016,7,107.00,35.00,55,31,2322.00,74.903225,1392.00
1324.00,23,2016,8,105.00,47.00,56,31,2206.00,71.161290,2322.00
2072.00,23,2016,9,112.00,55.00,57,17,1324.00,77.882352,2206.00
1945.00,23,2016,10,113.00,37.00,58,30,2072.00,69.066666,1324.00
2198.00,23,2016,11,132.00,13.00,59,30,1945.00,64.833333,2072.00
2181.00,23,2016,12,202.00,30.00,60,30,2198.00,73.266666,1945.00
1862.00,23,2017,1,107.00,30.00,61,31,2181.00,70.354838,2198.00
1844.00,23,2017,2,145.00,38.00,62,28,1862.00,66.500000,2181.00
1620.00,23,2017,3,157.00,27.00,63,31,1844.00,59.483870,1862.00
1268.00,23,2017,4,83.00,31.00,64,30,1620.00,54.000000,1844.00
1523.00,23,2017,5,99.00,40.00,65,22,1268.00,57.636363,1620.00
1278.00,23,2017,6,90.00,33.00,66,25,1523.00,60.920000,1268.00
1140.00,23,2017,7,128.00,33.00,67,19,1278.00,67.263157,1523.00
1284.00,23,2017,8,110.00,22.00,68,20,1140.00,57.000000,1278.00
705.00,23,2017,9,95.00,30.00,69,23,1284.00,55.826086,1140.00
3136.00,24,2015,2,224.00,56.00,38,29,3852.00,132.827586,4448.00
3295.00,24,2015,3,154.00,46.00,39,31,3136.00,101.161290,3852.00
2905.00,24,2015,4,284.00,56.00,40,30,3295.00,109.833333,3136.00
2895.00,24,2015,5,155.00,51.00,41,31,2905.00,93.709677,3295.00
2875.00,24,2015,6,160.00,59.00,42,30,2895.00,96.500000,2905.00
3158.00,24,2015,7,179.00,43.00,43,31,2875.00,92.741935,2895.00
2758.00,24,2015,8,175.00,38.00,44,31,3158.00,101.870967,2875.00
2614.00,24,2015,9,191.00,34.00,45,30,2758.00,91.933333,3158.00
2958.00,24,2015,10,163.00,24.00,46,31,2614.00,84.322580,2758.00
2791.00,24,2015,11,188.00,32.00,47,30,2958.00,98.600000,2614.00
2519.00,24,2015,12,233.00,31.00,48,30,2791.00,93.033333,2958.00
2325.00,24,2016,1,174.00,37.00,49,31,2519.00,81.258064,2791.00
3031.00,24,2016,2,154.00,24.00,50,28,2325.00,83.035714,2519.00
2723.00,24,2016,3,178.00,48.00,51,31,3031.00,97.774193,2325.00
2191.00,24,2016,4,193.00,36.00,52,30,2723.00,90.766666,3031.00
2347.00,24,2016,5,236.00,41.00,53,24,2191.00,91.291666,2723.00
2185.00,24,2016,6,181.00,43.00,54,23,2347.00,102.043478,2191.00
3099.00,24,2016,7,150.00,52.00,55,24,2185.00,91.041666,2347.00
3179.00,24,2016,8,217.00,44.00,56,31,3099.00,99.967741,2185.00
2933.00,24,2016,9,207.00,32.00,57,30,3179.00,105.966666,3099.00
2617.00,24,2016,10,197.00,56.00,58,31,2933.00,94.612903,3179.00
3590.00,24,2016,11,139.00,25.00,59,30,2617.00,87.233333,2933.00
3184.00,24,2016,12,285.00,60.00,60,30,3590.00,119.666666,2617.00
2861.00,24,2017,1,164.00,22.00,61,31,3184.00,102.709677,3590.00
2445.00,24,2017,2,178.00,53.00,62,28,2861.00,102.178571,3184.00
1926.00,24,2017,3,148.00,44.00,63,31,2445.00,78.870967,2861.00
1499.00,24,2017,4,151.00,32.00,64,23,1926.00,83.739130,2445.00
101.00,24,2017,5,179.00,29.00,65,21,1499.00,71.380952,1926.00
1846.00,24,2017,6,57.00,44.00,66,2,101.00,50.500000,1499.00
2419.00,24,2017,7,149.00,20.00,67,23,1846.00,80.260869,101.00
1826.00,24,2017,8,170.00,18.00,68,31,2419.00,78.032258,1846.00
1639.00,24,2017,9,154.00,15.00,69,30,1826.00,60.866666,2419.00
6770.00,25,2015,2,327.00,150.00,38,29,6994.00,241.172413,7078.00
6531.00,25,2015,3,377.00,139.00,39,31,6770.00,218.387096,6994.00
5945.00,25,2015,4,295.00,113.00,40,30,6531.00,217.700000,6770.00
6304.00,25,2015,5,278.00,119.00,41,31,5945.00,191.774193,6531.00
5802.00,25,2015,6,303.00,112.00,42,30,6304.00,210.133333,5945.00
5988.00,25,2015,7,309.00,138.00,43,31,5802.00,187.161290,6304.00
6248.00,25,2015,8,314.00,93.00,44,31,5988.00,193.161290,5802.00
6623.00,25,2015,9,291.00,74.00,45,30,6248.00,208.266666,5988.00
5913.00,25,2015,10,349.00,111.00,46,31,6623.00,213.645161,6248.00
7498.00,25,2015,11,353.00,106.00,47,30,5913.00,197.100000,6623.00
5920.00,25,2015,12,410.00,144.00,48,30,7498.00,249.933333,5913.00
5852.00,25,2016,1,385.00,89.00,49,31,5920.00,190.967741,7498.00
6965.00,25,2016,2,418.00,111.00,50,28,5852.00,209.000000,5920.00
5558.00,25,2016,3,456.00,125.00,51,31,6965.00,224.677419,5852.00
5015.00,25,2016,4,382.00,102.00,52,30,5558.00,185.266666,6965.00
5597.00,25,2016,5,321.00,78.00,53,31,5015.00,161.774193,5558.00
4695.00,25,2016,6,260.00,79.00,54,30,5597.00,186.566666,5015.00
4243.00,25,2016,7,232.00,84.00,55,30,4695.00,156.500000,5597.00
3792.00,25,2016,8,250.00,98.00,56,25,4243.00,169.720000,4695.00
5145.00,25,2016,9,297.00,112.00,57,21,3792.00,180.571428,4243.00
4806.00,25,2016,10,250.00,92.00,58,31,5145.00,165.967741,3792.00
5259.00,25,2016,11,276.00,73.00,59,30,4806.00,160.200000,5145.00
5496.00,25,2016,12,310.00,118.00,60,30,5259.00,175.300000,4806.00
4712.00,25,2017,1,322.00,94.00,61,31,5496.00,177.290322,5259.00
4636.00,25,2017,2,285.00,67.00,62,28,4712.00,168.285714,5496.00
4181.00,25,2017,3,213.00,101.00,63,31,4636.00,149.548387,4712.00
4414.00,25,2017,4,215.00,67.00,64,30,4181.00,139.366666,4636.00
4339.00,25,2017,5,203.00,77.00,65,31,4414.00,142.387096,4181.00
3602.00,25,2017,6,211.00,83.00,66,30,4339.00,144.633333,4414.00
4837.00,25,2017,7,206.00,79.00,67,26,3602.00,138.538461,4339.00
4239.00,25,2017,8,271.00,101.00,68,29,4837.00,166.793103,3602.00
4028.00,25,2017,9,208.00,64.00,69,30,4239.00,141.300000,4837.00
3329.00,26,2015,2,222.00,43.00,38,29,3047.00,105.068965,3241.00
3599.00,26,2015,3,154.00,51.00,39,31,3329.00,107.387096,3047.00
3511.00,26,2015,4,282.00,68.00,40,30,3599.00,119.966666,3329.00
4118.00,26,2015,5,171.00,63.00,41,31,3511.00,113.258064,3599.00
3821.00,26,2015,6,225.00,91.00,42,30,4118.00,137.266666,3511.00
3764.00,26,2015,7,185.00,69.00,43,31,3821.00,123.258064,4118.00
3597.00,26,2015,8,234.00,62.00,44,31,3764.00,121.419354,3821.00
3365.00,26,2015,9,218.00,63.00,45,30,3597.00,119.900000,3764.00
3060.00,26,2015,10,163.00,43.00,46,31,3365.00,108.548387,3597.00
3619.00,26,2015,11,172.00,17.00,47,30,3060.00,102.000000,3365.00
3380.00,26,2015,12,179.00,71.00,48,30,3619.00,120.633333,3060.00
3062.00,26,2016,1,197.00,73.00,49,31,3380.00,109.032258,3619.00
3059.00,26,2016,2,173.00,65.00,50,28,3062.00,109.357142,3380.00
3041.00,26,2016,3,152.00,63.00,51,31,3059.00,98.677419,3062.00
2611.00,26,2016,4,166.00,64.00,52,30,3041.00,101.366666,3059.00
2049.00,26,2016,5,193.00,47.00,53,26,2611.00,100.423076,3041.00
2363.00,26,2016,6,163.00,64.00,54,21,2049.00,97.571428,2611.00
2228.00,26,2016,7,136.00,36.00,55,31,2363.00,76.225806,2049.00
1397.00,26,2016,8,133.00,43.00,56,31,2228.00,71.870967,2363.00
2521.00,26,2016,9,155.00,53.00,57,17,1397.00,82.176470,2228.00
2489.00,26,2016,10,135.00,40.00,58,30,2521.00,84.033333,1397.00
2776.00,26,2016,11,130.00,17.00,59,30,2489.00,82.966666,2521.00
2533.00,26,2016,12,346.00,47.00,60,30,2776.00,92.533333,2489.00
2187.00,26,2017,1,148.00,44.00,61,31,2533.00,81.709677,2776.00
2360.00,26,2017,2,178.00,44.00,62,28,2187.00,78.107142,2533.00
2174.00,26,2017,3,181.00,41.00,63,31,2360.00,76.129032,2187.00
1766.00,26,2017,4,131.00,34.00,64,30,2174.00,72.466666,2360.00
1827.00,26,2017,5,119.00,53.00,65,22,1766.00,80.272727,2174.00
1424.00,26,2017,6,98.00,40.00,66,25,1827.00,73.080000,1766.00
1291.00,26,2017,7,112.00,51.00,67,19,1424.00,74.947368,1827.00
1484.00,26,2017,8,119.00,35.00,68,20,1291.00,64.550000,1424.00
891.00,26,2017,9,110.00,38.00,69,23,1484.00,64.521739,1291.00
2873.00,27,2015,2,155.00,50.00,38,29,2757.00,95.068965,3159.00
2604.00,27,2015,3,149.00,57.00,39,31,2873.00,92.677419,2757.00
2807.00,27,2015,4,137.00,45.00,40,30,2604.00,86.800000,2873.00
2572.00,27,2015,5,152.00,42.00,41,31,2807.00,90.548387,2604.00
2533.00,27,2015,6,159.00,33.00,42,30,2572.00,85.733333,2807.00
3011.00,27,2015,7,166.00,45.00,43,31,2533.00,81.709677,2572.00
2770.00,27,2015,8,175.00,61.00,44,31,3011.00,97.129032,2533.00
2625.00,27,2015,9,178.00,52.00,45,30,2770.00,92.333333,3011.00
2590.00,27,2015,10,147.00,42.00,46,31,2625.00,84.677419,2770.00
2615.00,27,2015,11,171.00,13.00,47,30,2590.00,86.333333,2625.00
2802.00,27,2015,12,148.00,48.00,48,30,2615.00,87.166666,2590.00
2167.00,27,2016,1,149.00,22.00,49,31,2802.00,90.387096,2615.00
2464.00,27,2016,2,138.00,29.00,50,28,2167.00,77.392857,2802.00
1479.00,27,2016,3,164.00,40.00,51,31,2464.00,79.483870,2167.00
1528.00,27,2016,4,109.00,34.00,52,21,1479.00,70.428571,2464.00
661.00,27,2016,5,113.00,28.00,53,24,1528.00,63.666666,1479.00
946.00,27,2016,6,136.00,21.00,54,10,661.00,66.100000,1528.00
1703.00,27,2016,7,94.00,36.00,55,16,946.00,59.125000,661.00
1377.00,27,2016,8,106.00,22.00,56,28,1703.00,60.821428,946.00
1589.00,27,2016,9,95.00,24.00,57,23,1377.00,59.869565,1703.00
1071.00,27,2016,10,91.00,27.00,58,29,1589.00,54.793103,1377.00
1200.00,27,2016,11,120.00,26.00,59,18,1071.00,59.500000,1589.00
1397.00,27,2016,12,90.00,15.00,60,24,1200.00,50.000000,1071.00
1181.00,27,2017,1,144.00,38.00,61,19,1397.00,73.526315,1200.00
827.00,27,2017,2,94.00,24.00,62,21,1181.00,56.238095,1397.00
1358.00,27,2017,3,74.00,15.00,63,17,827.00,48.647058,1181.00
1326.00,27,2017,4,112.00,15.00,64,30,1358.00,45.266666,827.00
1653.00,27,2017,5,88.00,11.00,65,31,1326.00,42.774193,1358.00
1109.00,27,2017,6,106.00,14.00,66,30,1653.00,55.100000,1326.00
1477.00,27,2017,7,77.00,23.00,67,23,1109.00,48.217391,1653.00
763.00,27,2017,8,100.00,23.00,68,31,1477.00,47.645161,1109.00
1447.00,27,2017,9,85.00,18.00,69,18,763.00,42.388888,1477.00
3113.00,28,2015,2,189.00,45.00,38,29,2996.00,103.310344,3372.00
2906.00,28,2015,3,158.00,55.00,39,31,3113.00,100.419354,2996.00
3285.00,28,2015,4,265.00,58.00,40,30,2906.00,96.866666,3113.00
3189.00,28,2015,5,312.00,45.00,41,31,3285.00,105.967741,2906.00
3535.00,28,2015,6,229.00,58.00,42,30,3189.00,106.300000,3285.00
3038.00,28,2015,7,217.00,63.00,43,31,3535.00,114.032258,3189.00
2756.00,28,2015,8,177.00,39.00,44,31,3038.00,98.000000,3535.00
2663.00,28,2015,9,160.00,42.00,45,30,2756.00,91.866666,3038.00
2456.00,28,2015,10,142.00,41.00,46,31,2663.00,85.903225,2756.00
3025.00,28,2015,11,131.00,30.00,47,30,2456.00,81.866666,2663.00
3046.00,28,2015,12,201.00,45.00,48,30,3025.00,100.833333,2456.00
2725.00,28,2016,1,154.00,69.00,49,31,3046.00,98.258064,3025.00
2485.00,28,2016,2,205.00,44.00,50,28,2725.00,97.321428,3046.00
785.00,28,2016,3,144.00,44.00,51,31,2485.00,80.161290,2725.00
1765.00,28,2016,4,128.00,45.00,52,10,785.00,78.500000,2485.00
1340.00,28,2016,5,160.00,49.00,53,20,1765.00,88.250000,785.00
1274.00,28,2016,6,164.00,49.00,54,15,1340.00,89.333333,1765.00
1815.00,28,2016,7,175.00,34.00,55,14,1274.00,91.000000,1340.00
2006.00,28,2016,8,151.00,43.00,56,19,1815.00,95.526315,1274.00
1849.00,28,2016,9,147.00,37.00,57,24,2006.00,83.583333,1815.00
2491.00,28,2016,10,149.00,31.00,58,23,1849.00,80.391304,2006.00
2788.00,28,2016,11,153.00,16.00,59,30,2491.00,83.033333,1849.00
2683.00,28,2016,12,282.00,43.00,60,30,2788.00,92.933333,2491.00
2463.00,28,2017,1,139.00,27.00,61,31,2683.00,86.548387,2788.00
2433.00,28,2017,2,221.00,28.00,62,28,2463.00,87.964285,2683.00
2106.00,28,2017,3,154.00,38.00,63,31,2433.00,78.483870,2463.00
1095.00,28,2017,4,156.00,40.00,64,30,2106.00,70.200000,2433.00
1760.00,28,2017,5,92.00,34.00,65,17,1095.00,64.411764,2106.00
1172.00,28,2017,6,147.00,49.00,66,23,1760.00,76.521739,1095.00
2292.00,28,2017,7,102.00,41.00,67,17,1172.00,68.941176,1760.00
1492.00,28,2017,8,128.00,42.00,68,31,2292.00,73.935483,1172.00
1547.00,28,2017,9,121.00,35.00,69,23,1492.00,64.869565,2292.00
3960.00,29,2015,2,260.00,66.00,38,29,4167.00,143.689655,4421.00
3907.00,29,2015,3,187.00,84.00,39,31,3960.00,127.741935,4167.00
4285.00,29,2015,4,207.00,84.00,40,30,3907.00,130.233333,3960.00
4406.00,29,2015,5,229.00,75.00,41,31,4285.00,138.225806,3907.00
4618.00,29,2015,6,248.00,88.00,42,30,4406.00,146.866666,4285.00
4148.00,29,2015,7,241.00,101.00,43,31,4618.00,148.967741,4406.00
3635.00,29,2015,8,243.00,79.00,44,31,4148.00,133.806451,4618.00
4012.00,29,2015,9,187.00,58.00,45,30,3635.00,121.166666,4148.00
3938.00,29,2015,10,273.00,54.00,46,31,4012.00,129.419354,3635.00
4272.00,29,2015,11,236.00,81.00,47,30,3938.00,131.266666,4012.00
4420.00,29,2015,12,232.00,75.00,48,30,4272.00,142.400000,3938.00
3611.00,29,2016,1,224.00,55.00,49,31,4420.00,142.580645,4272.00
3452.00,29,2016,2,226.00,52.00,50,28,3611.00,128.964285,4420.00
2993.00,29,2016,3,175.00,68.00,51,31,3452.00,111.354838,3611.00
2633.00,29,2016,4,155.00,64.00,52,30,2993.00,99.766666,3452.00
3055.00,29,2016,5,189.00,71.00,53,26,2633.00,101.269230,2993.00
2734.00,29,2016,6,179.00,64.00,54,28,3055.00,109.107142,2633.00
2239.00,29,2016,7,189.00,60.00,55,24,2734.00,113.916666,3055.00
2898.00,29,2016,8,282.00,68.00,56,20,2239.00,111.950000,2734.00
2485.00,29,2016,9,179.00,71.00,57,24,2898.00,120.750000,2239.00
2780.00,29,2016,10,149.00,56.00,58,23,2485.00,108.043478,2898.00
2727.00,29,2016,11,197.00,47.00,59,23,2780.00,120.869565,2485.00
3614.00,29,2016,12,200.00,80.00,60,23,2727.00,118.565217,2780.00
2213.00,29,2017,1,240.00,84.00,61,29,3614.00,124.620689,2727.00
2602.00,29,2017,2,170.00,62.00,62,21,2213.00,105.380952,3614.00
2952.00,29,2017,3,181.00,69.00,63,26,2602.00,100.076923,2213.00
2385.00,29,2017,4,163.00,62.00,64,30,2952.00,98.400000,2602.00
2969.00,29,2017,5,176.00,65.00,65,21,2385.00,113.571428,2952.00
2095.00,29,2017,6,197.00,78.00,66,25,2969.00,118.760000,2385.00
2517.00,29,2017,7,160.00,63.00,67,19,2095.00,110.263157,2969.00
1949.00,29,2017,8,197.00,53.00,68,27,2517.00,93.222222,2095.00
1204.00,29,2017,9,146.00,46.00,69,23,1949.00,84.739130,2517.00
4209.00,3,2015,2,324.00,83.00,38,29,4540.00,156.551724,5329.00
4577.00,3,2015,3,238.00,60.00,39,31,4209.00,135.774193,4540.00
4125.00,3,2015,4,238.00,77.00,40,30,4577.00,152.566666,4209.00
4601.00,3,2015,5,194.00,76.00,41,31,4125.00,133.064516,4577.00
5462.00,3,2015,6,216.00,92.00,42,30,4601.00,153.366666,4125.00
5093.00,3,2015,7,324.00,104.00,43,31,5462.00,176.193548,4601.00
4916.00,3,2015,8,373.00,80.00,44,31,5093.00,164.290322,5462.00
4573.00,3,2015,9,344.00,86.00,45,30,4916.00,163.866666,5093.00
4571.00,3,2015,10,238.00,86.00,46,31,4573.00,147.516129,4916.00
5315.00,3,2015,11,245.00,34.00,47,30,4571.00,152.366666,4573.00
4165.00,3,2015,12,304.00,83.00,48,30,5315.00,177.166666,4571.00
3781.00,3,2016,1,245.00,79.00,49,31,4165.00,134.354838,5315.00
4775.00,3,2016,2,306.00,61.00,50,28,3781.00,135.035714,4165.00
1487.00,3,2016,3,254.00,79.00,51,31,4775.00,154.032258,3781.00
3209.00,3,2016,4,225.00,92.00,52,10,1487.00,148.700000,4775.00
1831.00,3,2016,5,338.00,74.00,53,20,3209.00,160.450000,1487.00
1758.00,3,2016,6,300.00,70.00,54,15,1831.00,122.066666,3209.00
2930.00,3,2016,7,186.00,81.00,55,14,1758.00,125.571428,1831.00
3057.00,3,2016,8,226.00,76.00,56,19,2930.00,154.210526,1758.00
2984.00,3,2016,9,211.00,55.00,57,24,3057.00,127.375000,2930.00
4168.00,3,2016,10,209.00,76.00,58,23,2984.00,129.739130,3057.00
4626.00,3,2016,11,252.00,53.00,59,30,4168.00,138.933333,2984.00
3935.00,3,2016,12,301.00,83.00,60,30,4626.00,154.200000,4168.00
3636.00,3,2017,1,248.00,49.00,61,31,3935.00,126.935483,4626.00
3591.00,3,2017,2,351.00,64.00,62,28,3636.00,129.857142,3935.00
2976.00,3,2017,3,207.00,63.00,63,31,3591.00,115.838709,3636.00
1824.00,3,2017,4,170.00,58.00,64,30,2976.00,99.200000,3591.00
2684.00,3,2017,5,175.00,80.00,65,17,1824.00,107.294117,2976.00
1905.00,3,2017,6,217.00,64.00,66,23,2684.00,116.695652,1824.00
3684.00,3,2017,7,173.00,77.00,67,17,1905.00,112.058823,2684.00
2347.00,3,2017,8,279.00,42.00,68,31,3684.00,118.838709,1905.00
2298.00,3,2017,9,158.00,49.00,69,23,2347.00,102.043478,3684.00
7748.00,30,2015,2,470.00,172.00,38,29,7883.00,271.827586,8027.00
8178.00,30,2015,3,395.00,122.00,39,31,7748.00,249.935483,7883.00
8098.00,30,2015,4,463.00,159.00,40,30,8178.00,272.600000,7748.00
8165.00,30,2015,5,498.00,109.00,41,31,8098.00,261.225806,8178.00
8380.00,30,2015,6,430.00,164.00,42,30,8165.00,272.166666,8098.00
8637.00,30,2015,7,418.00,193.00,43,31,8380.00,270.322580,8165.00
8234.00,30,2015,8,422.00,203.00,44,31,8637.00,278.612903,8380.00
8167.00,30,2015,9,470.00,157.00,45,30,8234.00,274.466666,8637.00
7262.00,30,2015,10,463.00,165.00,46,31,8167.00,263.451612,8234.00
8063.00,30,2015,11,442.00,80.00,47,30,7262.00,242.066666,8167.00
8504.00,30,2015,12,409.00,154.00,48,30,8063.00,268.766666,7262.00
7110.00,30,2016,1,532.00,141.00,49,31,8504.00,274.322580,8063.00
7098.00,30,2016,2,457.00,134.00,50,28,7110.00,253.928571,8504.00
2626.00,30,2016,3,377.00,152.00,51,31,7098.00,228.967741,7110.00
3579.00,30,2016,4,343.00,86.00,52,15,2626.00,175.066666,7098.00
2895.00,30,2016,5,236.00,90.00,53,24,3579.00,149.125000,2626.00
5395.00,30,2016,6,261.00,108.00,54,16,2895.00,180.937500,3579.00
2725.00,30,2016,7,272.00,34.00,55,31,5395.00,174.032258,2895.00
4575.00,30,2016,8,231.00,115.00,56,17,2725.00,160.294117,5395.00
3270.00,30,2016,9,257.00,76.00,57,30,4575.00,152.500000,2725.00
3099.00,30,2016,10,211.00,88.00,58,24,3270.00,136.250000,4575.00
2103.00,30,2016,11,295.00,39.00,59,23,3099.00,134.739130,3270.00
1411.00,30,2016,12,249.00,85.00,60,14,2103.00,150.214285,3099.00
1467.00,30,2017,1,185.00,100.00,61,10,1411.00,141.100000,2103.00
2722.00,30,2017,2,258.00,99.00,62,10,1467.00,146.700000,1411.00
2271.00,30,2017,3,177.00,68.00,63,24,2722.00,113.416666,1467.00
2161.00,30,2017,4,178.00,61.00,64,23,2271.00,98.739130,2722.00
2356.00,30,2017,5,149.00,59.00,65,24,2161.00,90.041666,2271.00
3045.00,30,2017,6,164.00,65.00,66,23,2356.00,102.434782,2161.00
2236.00,30,2017,7,170.00,52.00,67,31,3045.00,98.225806,2356.00
2963.00,30,2017,8,216.00,54.00,68,20,2236.00,111.800000,3045.00
2151.00,30,2017,9,150.00,52.00,69,30,2963.00,98.766666,2236.00
4180.00,31,2015,2,260.00,64.00,38,29,4278.00,147.517241,3896.00
3879.00,31,2015,3,206.00,78.00,39,31,4180.00,134.838709,4278.00
4243.00,31,2015,4,236.00,74.00,40,30,3879.00,129.300000,4180.00
4230.00,31,2015,5,217.00,69.00,41,31,4243.00,136.870967,3879.00
4464.00,31,2015,6,221.00,81.00,42,30,4230.00,141.000000,4243.00
4497.00,31,2015,7,239.00,90.00,43,31,4464.00,144.000000,4230.00
4397.00,31,2015,8,226.00,79.00,44,31,4497.00,145.064516,4464.00
4703.00,31,2015,9,257.00,78.00,45,30,4397.00,146.566666,4497.00
4569.00,31,2015,10,242.00,68.00,46,31,4703.00,151.709677,4397.00
4800.00,31,2015,11,278.00,58.00,47,30,4569.00,152.300000,4703.00
4594.00,31,2015,12,241.00,104.00,48,30,4800.00,160.000000,4569.00
4015.00,31,2016,1,241.00,86.00,49,31,4594.00,148.193548,4800.00
4192.00,31,2016,2,256.00,78.00,50,28,4015.00,143.392857,4594.00
4041.00,31,2016,3,243.00,66.00,51,31,4192.00,135.225806,4015.00
3468.00,31,2016,4,216.00,79.00,52,30,4041.00,134.700000,4192.00
3250.00,31,2016,5,216.00,81.00,53,26,3468.00,133.384615,4041.00
4823.00,31,2016,6,204.00,107.00,54,21,3250.00,154.761904,3468.00
5485.00,31,2016,7,252.00,93.00,55,31,4823.00,155.580645,3250.00
3053.00,31,2016,8,313.00,87.00,56,31,5485.00,176.935483,4823.00
4664.00,31,2016,9,282.00,98.00,57,17,3053.00,179.588235,5485.00
4441.00,31,2016,10,227.00,88.00,58,30,4664.00,155.466666,3053.00
5330.00,31,2016,11,280.00,46.00,59,30,4441.00,148.033333,4664.00
5259.00,31,2016,12,584.00,102.00,60,30,5330.00,177.666666,4441.00
4551.00,31,2017,1,309.00,95.00,61,31,5259.00,169.645161,5330.00
4723.00,31,2017,2,274.00,73.00,62,28,4551.00,162.535714,5259.00
3696.00,31,2017,3,347.00,97.00,63,31,4723.00,152.354838,4551.00
2764.00,31,2017,4,221.00,77.00,64,30,3696.00,123.200000,4723.00
3221.00,31,2017,5,177.00,58.00,65,22,2764.00,125.636363,3696.00
2580.00,31,2017,6,199.00,73.00,66,25,3221.00,128.840000,2764.00
2368.00,31,2017,7,223.00,97.00,67,19,2580.00,135.789473,3221.00
2490.00,31,2017,8,189.00,72.00,68,20,2368.00,118.400000,2580.00
1763.00,31,2017,9,171.00,58.00,69,23,2490.00,108.260869,2368.00
2712.00,32,2015,2,274.00,57.00,38,29,3540.00,122.068965,3551.00
2825.00,32,2015,3,144.00,43.00,39,31,2712.00,87.483870,3540.00
2709.00,32,2015,4,145.00,46.00,40,30,2825.00,94.166666,2712.00
3000.00,32,2015,5,121.00,55.00,41,31,2709.00,87.387096,2825.00
2897.00,32,2015,6,159.00,49.00,42,30,3000.00,100.000000,2709.00
3289.00,32,2015,7,186.00,54.00,43,31,2897.00,93.451612,3000.00
3108.00,32,2015,8,192.00,44.00,44,31,3289.00,106.096774,2897.00
3256.00,32,2015,9,200.00,52.00,45,30,3108.00,103.600000,3289.00
2696.00,32,2015,10,205.00,48.00,46,31,3256.00,105.032258,3108.00
3285.00,32,2015,11,142.00,18.00,47,30,2696.00,89.866666,3256.00
3591.00,32,2015,12,172.00,55.00,48,30,3285.00,109.500000,2696.00
2804.00,32,2016,1,247.00,46.00,49,31,3591.00,115.838709,3285.00
2990.00,32,2016,2,205.00,25.00,50,28,2804.00,100.142857,3591.00
2647.00,32,2016,3,210.00,44.00,51,31,2990.00,96.451612,2804.00
2513.00,32,2016,4,191.00,40.00,52,30,2647.00,88.233333,2990.00
2695.00,32,2016,5,119.00,42.00,53,31,2513.00,81.064516,2647.00
2669.00,32,2016,6,136.00,41.00,54,30,2695.00,89.833333,2513.00
2453.00,32,2016,7,150.00,53.00,55,30,2669.00,88.966666,2695.00
1754.00,32,2016,8,189.00,37.00,56,25,2453.00,98.120000,2669.00
2880.00,32,2016,9,149.00,38.00,57,21,1754.00,83.523809,2453.00
2868.00,32,2016,10,162.00,47.00,58,31,2880.00,92.903225,1754.00
2901.00,32,2016,11,183.00,31.00,59,30,2868.00,95.600000,2880.00
2796.00,32,2016,12,190.00,51.00,60,30,2901.00,96.700000,2868.00
2456.00,32,2017,1,168.00,48.00,61,31,2796.00,90.193548,2901.00
2501.00,32,2017,2,206.00,44.00,62,28,2456.00,87.714285,2796.00
2283.00,32,2017,3,167.00,42.00,63,31,2501.00,80.677419,2456.00
2473.00,32,2017,4,136.00,31.00,64,30,2283.00,76.100000,2501.00
2387.00,32,2017,5,153.00,34.00,65,31,2473.00,79.774193,2283.00
1753.00,32,2017,6,122.00,39.00,66,30,2387.00,79.566666,2473.00
2140.00,32,2017,7,101.00,28.00,67,26,1753.00,67.423076,2387.00
1924.00,32,2017,8,127.00,21.00,68,29,2140.00,73.793103,1753.00
2199.00,32,2017,9,124.00,29.00,69,30,1924.00,64.133333,2140.00
10563.00,33,2015,2,647.00,167.00,38,29,10011.00,345.206896,10409.00
10907.00,33,2015,3,647.00,171.00,39,31,10563.00,340.741935,10011.00
9946.00,33,2015,4,873.00,225.00,40,30,10907.00,363.566666,10563.00
10061.00,33,2015,5,637.00,214.00,41,31,9946.00,320.838709,10907.00
11277.00,33,2015,6,647.00,189.00,42,30,10061.00,335.366666,9946.00
11385.00,33,2015,7,640.00,219.00,43,31,11277.00,363.774193,10061.00
10242.00,33,2015,8,903.00,203.00,44,31,11385.00,367.258064,11277.00
9666.00,33,2015,9,669.00,162.00,45,30,10242.00,341.400000,11385.00
9148.00,33,2015,10,594.00,124.00,46,31,9666.00,311.806451,10242.00
9738.00,33,2015,11,632.00,119.00,47,30,9148.00,304.933333,9666.00
10016.00,33,2015,12,601.00,178.00,48,30,9738.00,324.600000,9148.00
8568.00,33,2016,1,757.00,157.00,49,31,10016.00,323.096774,9738.00
9444.00,33,2016,2,554.00,147.00,50,28,8568.00,306.000000,10016.00
9156.00,33,2016,3,493.00,178.00,51,31,9444.00,304.645161,8568.00
8349.00,33,2016,4,607.00,146.00,52,30,9156.00,305.200000,9444.00
8702.00,33,2016,5,606.00,176.00,53,26,8349.00,321.115384,9156.00
8386.00,33,2016,6,496.00,164.00,54,28,8702.00,310.785714,8349.00
6661.00,33,2016,7,539.00,197.00,55,24,8386.00,349.416666,8702.00
7771.00,33,2016,8,697.00,165.00,56,20,6661.00,333.050000,8386.00
7198.00,33,2016,9,746.00,164.00,57,24,7771.00,323.791666,6661.00
7305.00,33,2016,10,518.00,171.00,58,23,7198.00,312.956521,7771.00
8180.00,33,2016,11,664.00,106.00,59,23,7305.00,317.608695,7198.00
10030.00,33,2016,12,651.00,205.00,60,23,8180.00,355.652173,7305.00
6204.00,33,2017,1,848.00,177.00,61,29,10030.00,345.862068,8180.00
7102.00,33,2017,2,561.00,170.00,62,21,6204.00,295.428571,10030.00
8002.00,33,2017,3,456.00,188.00,63,26,7102.00,273.153846,6204.00
6249.00,33,2017,4,490.00,145.00,64,30,8002.00,266.733333,7102.00
7202.00,33,2017,5,531.00,165.00,65,21,6249.00,297.571428,8002.00
6096.00,33,2017,6,486.00,188.00,66,25,7202.00,288.080000,6249.00
8356.00,33,2017,7,491.00,206.00,67,19,6096.00,320.842105,7202.00
6200.00,33,2017,8,635.00,189.00,68,27,8356.00,309.481481,6096.00
4086.00,33,2017,9,378.00,142.00,69,23,6200.00,269.565217,8356.00
4552.00,34,2015,2,289.00,76.00,38,29,4555.00,157.068965,5087.00
4471.00,34,2015,3,241.00,71.00,39,31,4552.00,146.838709,4555.00
4813.00,34,2015,4,267.00,98.00,40,30,4471.00,149.033333,4552.00
5122.00,34,2015,5,266.00,89.00,41,31,4813.00,155.258064,4471.00
4825.00,34,2015,6,302.00,102.00,42,30,5122.00,170.733333,4813.00
5596.00,34,2015,7,296.00,87.00,43,31,4825.00,155.645161,5122.00
4872.00,34,2015,8,375.00,96.00,44,31,5596.00,180.516129,4825.00
4739.00,34,2015,9,298.00,102.00,45,30,4872.00,162.400000,5596.00
4632.00,34,2015,10,293.00,86.00,46,31,4739.00,152.870967,4872.00
5098.00,34,2015,11,297.00,54.00,47,30,4632.00,154.400000,4739.00
5529.00,34,2015,12,252.00,116.00,48,30,5098.00,169.933333,4632.00
4490.00,34,2016,1,282.00,109.00,49,31,5529.00,178.354838,5098.00
4467.00,34,2016,2,302.00,81.00,50,28,4490.00,160.357142,5529.00
4090.00,34,2016,3,259.00,71.00,51,31,4467.00,144.096774,4490.00
3737.00,34,2016,4,213.00,89.00,52,30,4090.00,136.333333,4467.00
3101.00,34,2016,5,283.00,86.00,53,26,3737.00,143.730769,4090.00
4828.00,34,2016,6,252.00,96.00,54,21,3101.00,147.666666,3737.00
5327.00,34,2016,7,253.00,1.00,55,31,4828.00,155.741935,3101.00
2923.00,34,2016,8,319.00,95.00,56,31,5327.00,171.838709,4828.00
4371.00,34,2016,9,278.00,98.00,57,17,2923.00,171.941176,5327.00
4228.00,34,2016,10,272.00,78.00,58,30,4371.00,145.700000,2923.00
4700.00,34,2016,11,237.00,36.00,59,30,4228.00,140.933333,4371.00
4519.00,34,2016,12,375.00,77.00,60,30,4700.00,156.666666,4228.00
3831.00,34,2017,1,316.00,65.00,61,31,4519.00,145.774193,4700.00
4136.00,34,2017,2,264.00,64.00,62,28,3831.00,136.821428,4519.00
3626.00,34,2017,3,338.00,78.00,63,31,4136.00,133.419354,3831.00
2764.00,34,2017,4,267.00,52.00,64,30,3626.00,120.866666,4136.00
3106.00,34,2017,5,223.00,78.00,65,22,2764.00,125.636363,3626.00
2509.00,34,2017,6,216.00,68.00,66,25,3106.00,124.240000,2764.00
2372.00,34,2017,7,212.00,85.00,67,19,2509.00,132.052631,3106.00
2700.00,34,2017,8,209.00,77.00,68,20,2372.00,118.600000,2509.00
1830.00,34,2017,9,199.00,46.00,69,23,2700.00,117.391304,2372.00
1253.00,35,2015,7,61.00,23.00,43,31,1141.00,36.806451,1144.00
1381.00,35,2015,8,64.00,18.00,44,31,1253.00,40.419354,1141.00
1393.00,35,2015,9,89.00,19.00,45,30,1381.00,46.033333,1253.00
1145.00,35,2015,10,143.00,21.00,46,31,1393.00,44.935483,1381.00
1541.00,35,2015,11,65.00,19.00,47,29,1145.00,39.482758,1393.00
1492.00,35,2015,12,115.00,31.00,48,30,1541.00,51.366666,1145.00
1912.00,35,2016,1,79.00,22.00,49,31,1492.00,48.129032,1541.00
1603.00,35,2016,2,229.00,28.00,50,27,1912.00,70.814814,1492.00
1594.00,35,2016,3,118.00,24.00,51,31,1603.00,51.709677,1912.00
1459.00,35,2016,4,101.00,33.00,52,30,1594.00,53.133333,1603.00
1538.00,35,2016,5,71.00,27.00,53,31,1459.00,47.064516,1594.00
1586.00,35,2016,6,73.00,33.00,54,30,1538.00,51.266666,1459.00
1666.00,35,2016,7,79.00,30.00,55,31,1586.00,51.161290,1538.00
1180.00,35,2016,9,97.00,24.00,57,30,1666.00,55.533333,1586.00
1357.00,35,2016,10,73.00,20.00,58,31,1180.00,38.064516,1666.00
1424.00,35,2016,11,153.00,20.00,59,29,1357.00,46.793103,1180.00
1433.00,35,2016,12,111.00,23.00,60,30,1424.00,47.466666,1357.00
1445.00,35,2017,1,82.00,14.00,61,31,1433.00,46.225806,1424.00
1630.00,35,2017,2,97.00,31.00,62,28,1445.00,51.607142,1433.00
1334.00,35,2017,3,122.00,29.00,63,31,1630.00,52.580645,1445.00
1142.00,35,2017,4,81.00,20.00,64,30,1334.00,44.466666,1630.00
1024.00,35,2017,5,62.00,21.00,65,31,1142.00,36.838709,1334.00
1061.00,35,2017,6,53.00,18.00,66,30,1024.00,34.133333,1142.00
1273.00,35,2017,7,57.00,14.00,67,31,1061.00,34.225806,1024.00
1119.00,35,2017,8,65.00,23.00,68,31,1273.00,41.064516,1061.00
1005.00,35,2017,9,72.00,19.00,69,30,1119.00,37.300000,1273.00
4506.00,36,2015,2,211.00,89.00,38,29,4104.00,141.517241,4856.00
3993.00,36,2015,3,220.00,86.00,39,31,4506.00,145.354838,4104.00
4044.00,36,2015,4,214.00,82.00,40,30,3993.00,133.100000,4506.00
4360.00,36,2015,5,225.00,87.00,41,31,4044.00,130.451612,3993.00
4555.00,36,2015,6,244.00,85.00,42,30,4360.00,145.333333,4044.00
4434.00,36,2015,7,215.00,87.00,43,31,4555.00,146.935483,4360.00
3940.00,36,2015,8,302.00,79.00,44,31,4434.00,143.032258,4555.00
3246.00,36,2015,9,238.00,50.00,45,30,3940.00,131.333333,4434.00
2571.00,36,2015,10,215.00,67.00,46,31,3246.00,104.709677,3940.00
2859.00,36,2015,11,168.00,30.00,47,30,2571.00,85.700000,3246.00
3428.00,36,2015,12,157.00,50.00,48,30,2859.00,95.300000,2571.00
2408.00,36,2016,1,213.00,51.00,49,31,3428.00,110.580645,2859.00
2831.00,36,2016,2,130.00,62.00,50,28,2408.00,86.000000,3428.00
1345.00,36,2016,3,142.00,55.00,51,31,2831.00,91.322580,2408.00
1996.00,36,2016,4,128.00,42.00,52,17,1345.00,79.117647,2831.00
2466.00,36,2016,5,115.00,22.00,53,24,1996.00,83.166666,1345.00
3652.00,36,2016,6,165.00,73.00,54,23,2466.00,107.217391,1996.00
3808.00,36,2016,7,199.00,63.00,55,31,3652.00,117.806451,2466.00
2495.00,36,2016,8,241.00,67.00,56,31,3808.00,122.838709,3652.00
2848.00,36,2016,9,221.00,77.00,57,22,2495.00,113.409090,3808.00
2605.00,36,2016,10,141.00,39.00,58,31,2848.00,91.870967,2495.00
2381.00,36,2016,11,142.00,41.00,59,30,2605.00,86.833333,2848.00
2776.00,36,2016,12,172.00,57.00,60,23,2381.00,103.521739,2605.00
2150.00,36,2017,1,158.00,45.00,61,31,2776.00,89.548387,2381.00
1754.00,36,2017,2,123.00,36.00,62,28,2150.00,76.785714,2776.00
2222.00,36,2017,3,134.00,37.00,63,24,1754.00,73.083333,2150.00
1919.00,36,2017,4,130.00,34.00,64,30,2222.00,74.066666,1754.00
2730.00,36,2017,5,129.00,47.00,65,24,1919.00,79.958333,2222.00
2608.00,36,2017,6,166.00,41.00,66,30,2730.00,91.000000,1919.00
2029.00,36,2017,7,154.00,36.00,67,31,2608.00,84.129032,2730.00
2152.00,36,2017,8,140.00,47.00,68,24,2029.00,84.541666,2608.00
1695.00,36,2017,9,143.00,31.00,69,30,2152.00,71.733333,2029.00
3437.00,37,2015,2,219.00,52.00,38,29,3628.00,125.103448,4063.00
3548.00,37,2015,3,223.00,56.00,39,31,3437.00,110.870967,3628.00
3115.00,37,2015,4,217.00,55.00,40,30,3548.00,118.266666,3437.00
3360.00,37,2015,5,164.00,62.00,41,31,3115.00,100.483870,3548.00
3234.00,37,2015,6,205.00,56.00,42,30,3360.00,112.000000,3115.00
3174.00,37,2015,7,167.00,50.00,43,31,3234.00,104.322580,3360.00
3194.00,37,2015,8,203.00,50.00,44,31,3174.00,102.387096,3234.00
3081.00,37,2015,9,174.00,50.00,45,30,3194.00,106.466666,3174.00
8635.00,37,2015,10,184.00,39.00,46,31,3081.00,99.387096,3194.00
3478.00,37,2015,11,5613.00,20.00,47,30,8635.00,287.833333,3081.00
3231.00,37,2015,12,196.00,62.00,48,30,3478.00,115.933333,8635.00
2635.00,37,2016,1,195.00,51.00,49,31,3231.00,104.225806,3478.00
2801.00,37,2016,2,192.00,38.00,50,28,2635.00,94.107142,3231.00
2780.00,37,2016,3,165.00,53.00,51,31,2801.00,90.354838,2635.00
2757.00,37,2016,4,153.00,34.00,52,30,2780.00,92.666666,2801.00
2670.00,37,2016,5,145.00,42.00,53,31,2757.00,88.935483,2780.00
2442.00,37,2016,6,146.00,35.00,54,30,2670.00,89.000000,2757.00
2167.00,37,2016,7,158.00,38.00,55,30,2442.00,81.400000,2670.00
1800.00,37,2016,8,146.00,56.00,56,25,2167.00,86.680000,2442.00
2597.00,37,2016,9,216.00,43.00,57,21,1800.00,85.714285,2167.00
5965.00,37,2016,10,163.00,41.00,58,31,2597.00,83.774193,1800.00
2696.00,37,2016,11,3405.00,22.00,59,30,5965.00,198.833333,2597.00
2955.00,37,2016,12,159.00,36.00,60,30,2696.00,89.866666,5965.00
2239.00,37,2017,1,212.00,38.00,61,31,2955.00,95.322580,2696.00
2144.00,37,2017,2,142.00,38.00,62,28,2239.00,79.964285,2955.00
2018.00,37,2017,3,124.00,31.00,63,31,2144.00,69.161290,2239.00
1975.00,37,2017,4,120.00,41.00,64,30,2018.00,67.266666,2144.00
2399.00,37,2017,5,121.00,25.00,65,31,1975.00,63.709677,2018.00
2081.00,37,2017,6,127.00,51.00,66,30,2399.00,79.966666,1975.00
2330.00,37,2017,7,125.00,52.00,67,26,2081.00,80.038461,2399.00
2287.00,37,2017,8,129.00,41.00,68,29,2330.00,80.344827,2081.00
2183.00,37,2017,9,119.00,46.00,69,30,2287.00,76.233333,2330.00
5922.00,38,2015,2,426.00,110.00,38,29,6339.00,218.586206,5836.00
5828.00,38,2015,3,311.00,84.00,39,31,5922.00,191.032258,6339.00
5094.00,38,2015,4,334.00,94.00,40,30,5828.00,194.266666,5922.00
5476.00,38,2015,5,313.00,101.00,41,31,5094.00,164.322580,5828.00
5772.00,38,2015,6,363.00,90.00,42,30,5476.00,182.533333,5094.00
5832.00,38,2015,7,434.00,107.00,43,31,5772.00,186.193548,5476.00
5496.00,38,2015,8,382.00,85.00,44,31,5832.00,188.129032,5772.00
5124.00,38,2015,9,322.00,104.00,45,30,5496.00,183.200000,5832.00
4874.00,38,2015,10,291.00,86.00,46,31,5124.00,165.290322,5496.00
5735.00,38,2015,11,261.00,63.00,47,30,4874.00,162.466666,5124.00
5291.00,38,2015,12,411.00,90.00,48,30,5735.00,191.166666,4874.00
5077.00,38,2016,1,264.00,80.00,49,31,5291.00,170.677419,5735.00
5182.00,38,2016,2,395.00,55.00,50,28,5077.00,181.321428,5291.00
1317.00,38,2016,3,318.00,87.00,51,31,5182.00,167.161290,5077.00
2670.00,38,2016,4,199.00,80.00,52,10,1317.00,131.700000,5182.00
3354.00,38,2016,5,309.00,97.00,53,17,2670.00,157.058823,1317.00
2702.00,38,2016,6,259.00,93.00,54,19,3354.00,176.526315,2670.00
3725.00,38,2016,7,290.00,121.00,55,14,2702.00,193.000000,3354.00
4341.00,38,2016,8,263.00,92.00,56,22,3725.00,169.318181,2702.00
3823.00,38,2016,9,294.00,101.00,57,24,4341.00,180.875000,3725.00
5493.00,38,2016,10,273.00,63.00,58,23,3823.00,166.217391,4341.00
3783.00,38,2016,11,424.00,35.00,59,30,5493.00,183.100000,3823.00
5025.00,38,2016,12,297.00,78.00,60,23,3783.00,164.478260,5493.00
3120.00,38,2017,1,266.00,85.00,61,31,5025.00,162.096774,3783.00
4406.00,38,2017,2,442.00,71.00,62,21,3120.00,148.571428,5025.00
4070.00,38,2017,3,300.00,58.00,63,31,4406.00,142.129032,3120.00
2373.00,38,2017,4,259.00,64.00,64,30,4070.00,135.666666,4406.00
1804.00,38,2017,5,216.00,68.00,65,17,2373.00,139.588235,4070.00
1938.00,38,2017,6,309.00,92.00,66,12,1804.00,150.333333,2373.00
4327.00,38,2017,7,260.00,105.00,67,12,1938.00,161.500000,1804.00
3209.00,38,2017,8,328.00,62.00,68,29,4327.00,149.206896,1938.00
4392.00,38,2017,9,295.00,86.00,69,23,3209.00,139.521739,4327.00
532.00,39,2015,2,29.00,5.00,38,29,347.00,11.965517,629.00
478.00,39,2015,3,37.00,6.00,39,31,532.00,17.161290,347.00
438.00,39,2015,4,31.00,6.00,40,30,478.00,15.933333,532.00
573.00,39,2015,5,31.00,3.00,41,31,438.00,14.129032,478.00
517.00,39,2015,6,43.00,5.00,42,30,573.00,19.100000,438.00
493.00,39,2015,7,26.00,9.00,43,31,517.00,16.677419,573.00
616.00,39,2015,8,33.00,5.00,44,31,493.00,15.903225,517.00
569.00,39,2015,9,38.00,7.00,45,30,616.00,20.533333,493.00
622.00,39,2015,10,36.00,4.00,46,31,569.00,18.354838,616.00
602.00,39,2015,11,44.00,3.00,47,30,622.00,20.733333,569.00
486.00,39,2015,12,40.00,9.00,48,30,602.00,20.066666,622.00
336.00,39,2016,1,30.00,6.00,49,31,486.00,15.677419,602.00
420.00,39,2016,2,26.00,2.00,50,28,336.00,12.000000,486.00
371.00,39,2016,3,31.00,7.00,51,31,420.00,13.548387,336.00
269.00,39,2016,4,21.00,7.00,52,30,371.00,12.366666,420.00
538.00,39,2016,5,20.00,2.00,53,24,269.00,11.208333,371.00
448.00,39,2016,6,37.00,7.00,54,30,538.00,17.933333,269.00
357.00,39,2016,7,29.00,5.00,55,31,448.00,14.451612,538.00
333.00,39,2016,8,34.00,5.00,56,24,357.00,14.875000,448.00
476.00,39,2016,9,34.00,4.00,57,23,333.00,14.478260,357.00
473.00,39,2016,10,52.00,6.00,58,31,476.00,15.354838,333.00
498.00,39,2016,11,35.00,6.00,59,30,473.00,15.766666,476.00
440.00,39,2016,12,31.00,4.00,60,30,498.00,16.600000,473.00
322.00,39,2017,1,37.00,4.00,61,31,440.00,14.193548,498.00
362.00,39,2017,2,26.00,3.00,62,28,322.00,11.500000,440.00
343.00,39,2017,3,27.00,2.00,63,31,362.00,11.677419,322.00
153.00,39,2017,4,24.00,4.00,64,30,343.00,11.433333,362.00
357.00,39,2017,5,22.00,3.00,65,16,153.00,9.562500,343.00
298.00,39,2017,6,39.00,3.00,66,30,357.00,11.900000,153.00
398.00,39,2017,7,33.00,4.00,67,24,298.00,12.416666,357.00
325.00,39,2017,8,27.00,2.00,68,31,398.00,12.838709,298.00
512.00,39,2017,9,29.00,5.00,69,22,325.00,14.772727,398.00
3794.00,4,2015,2,247.00,60.00,38,29,4216.00,145.379310,2845.00
3196.00,4,2015,3,242.00,40.00,39,31,3794.00,122.387096,4216.00
2889.00,4,2015,4,245.00,33.00,40,30,3196.00,106.533333,3794.00
3129.00,4,2015,5,191.00,20.00,41,31,2889.00,93.193548,3196.00
2812.00,4,2015,6,196.00,51.00,42,30,3129.00,104.300000,2889.00
3953.00,4,2015,7,174.00,36.00,43,31,2812.00,90.709677,3129.00
4900.00,4,2015,8,215.00,39.00,44,31,3953.00,127.516129,2812.00
4654.00,4,2015,9,271.00,61.00,45,30,4900.00,163.333333,3953.00
3810.00,4,2015,10,267.00,57.00,46,31,4654.00,150.129032,4900.00
5421.00,4,2015,11,303.00,45.00,47,30,3810.00,127.000000,4654.00
4158.00,4,2015,12,332.00,63.00,48,30,5421.00,180.700000,3810.00
4295.00,4,2016,1,413.00,27.00,49,31,4158.00,134.129032,5421.00
4739.00,4,2016,2,329.00,62.00,50,28,4295.00,153.392857,4158.00
4794.00,4,2016,3,252.00,53.00,51,31,4739.00,152.870967,4295.00
3027.00,4,2016,4,326.00,49.00,52,30,4794.00,159.800000,4739.00
2606.00,4,2016,5,303.00,50.00,53,24,3027.00,126.125000,4794.00
2558.00,4,2016,6,195.00,60.00,54,23,2606.00,113.304347,3027.00
4269.00,4,2016,7,159.00,27.00,55,24,2558.00,106.583333,2606.00
4738.00,4,2016,8,251.00,72.00,56,31,4269.00,137.709677,2558.00
4699.00,4,2016,9,310.00,68.00,57,30,4738.00,157.933333,4269.00
3877.00,4,2016,10,298.00,49.00,58,31,4699.00,151.580645,4738.00
4740.00,4,2016,11,224.00,17.00,59,30,3877.00,129.233333,4699.00
4584.00,4,2016,12,261.00,69.00,60,30,4740.00,158.000000,3877.00
4265.00,4,2017,1,292.00,52.00,61,31,4584.00,147.870967,4740.00
5243.00,4,2017,2,294.00,76.00,62,28,4265.00,152.321428,4584.00
3512.00,4,2017,3,273.00,58.00,63,31,5243.00,169.129032,4265.00
3273.00,4,2017,4,257.00,79.00,64,23,3512.00,152.695652,5243.00
301.00,4,2017,5,254.00,92.00,65,21,3273.00,155.857142,3512.00
3558.00,4,2017,6,165.00,136.00,66,2,301.00,150.500000,3273.00
4937.00,4,2017,7,255.00,81.00,67,23,3558.00,154.695652,301.00
3289.00,4,2017,8,230.00,90.00,68,31,4937.00,159.258064,3558.00
4197.00,4,2017,9,206.00,31.00,69,30,3289.00,109.633333,4937.00
3896.00,40,2015,2,242.00,69.00,38,29,3910.00,134.827586,4803.00
3866.00,40,2015,3,254.00,51.00,39,31,3896.00,125.677419,3910.00
3756.00,40,2015,4,242.00,57.00,40,30,3866.00,128.866666,3896.00
3993.00,40,2015,5,205.00,53.00,41,31,3756.00,121.161290,3866.00
3950.00,40,2015,6,230.00,68.00,42,30,3993.00,133.100000,3756.00
3847.00,40,2015,7,212.00,65.00,43,31,3950.00,127.419354,3993.00
3714.00,40,2015,8,226.00,53.00,44,31,3847.00,124.096774,3950.00
3339.00,40,2015,9,182.00,49.00,45,30,3714.00,123.800000,3847.00
3473.00,40,2015,10,201.00,64.00,46,31,3339.00,107.709677,3714.00
3992.00,40,2015,11,229.00,27.00,47,30,3473.00,115.766666,3339.00
3765.00,40,2015,12,232.00,62.00,48,30,3992.00,133.066666,3473.00
3397.00,40,2016,1,211.00,63.00,49,31,3765.00,121.451612,3992.00
3577.00,40,2016,2,253.00,46.00,50,28,3397.00,121.321428,3765.00
3294.00,40,2016,3,262.00,47.00,51,31,3577.00,115.387096,3397.00
3550.00,40,2016,4,208.00,60.00,52,30,3294.00,109.800000,3577.00
3671.00,40,2016,5,231.00,73.00,53,31,3550.00,114.516129,3294.00
3657.00,40,2016,6,223.00,67.00,54,30,3671.00,122.366666,3550.00
3012.00,40,2016,7,217.00,78.00,55,30,3657.00,121.900000,3671.00
2233.00,40,2016,8,236.00,69.00,56,25,3012.00,120.480000,3657.00
3372.00,40,2016,9,183.00,46.00,57,21,2233.00,106.333333,3012.00
3062.00,40,2016,10,195.00,63.00,58,31,3372.00,108.774193,2233.00
3433.00,40,2016,11,169.00,8.00,59,30,3062.00,102.066666,3372.00
3314.00,40,2016,12,177.00,58.00,60,30,3433.00,114.433333,3062.00
2854.00,40,2017,1,202.00,48.00,61,31,3314.00,106.903225,3433.00
3051.00,40,2017,2,212.00,49.00,62,28,2854.00,101.928571,3314.00
2625.00,40,2017,3,185.00,63.00,63,31,3051.00,98.419354,2854.00
2860.00,40,2017,4,158.00,31.00,64,30,2625.00,87.500000,3051.00
2808.00,40,2017,5,151.00,42.00,65,31,2860.00,92.258064,2625.00
2461.00,40,2017,6,149.00,55.00,66,30,2808.00,93.600000,2860.00
2463.00,40,2017,7,154.00,43.00,67,26,2461.00,94.653846,2808.00
2336.00,40,2017,8,150.00,43.00,68,29,2463.00,84.931034,2461.00
2208.00,40,2017,9,133.00,33.00,69,30,2336.00,77.866666,2463.00
3506.00,41,2015,2,244.00,72.00,38,29,3883.00,133.896551,4413.00
3010.00,41,2015,3,188.00,54.00,39,31,3506.00,113.096774,3883.00
2453.00,41,2015,4,243.00,52.00,40,30,3010.00,100.333333,3506.00
2475.00,41,2015,5,113.00,52.00,41,31,2453.00,79.129032,3010.00
2412.00,41,2015,6,136.00,45.00,42,30,2475.00,82.500000,2453.00
2789.00,41,2015,7,125.00,47.00,43,31,2412.00,77.806451,2475.00
2600.00,41,2015,8,143.00,49.00,44,31,2789.00,89.967741,2412.00
2272.00,41,2015,9,127.00,46.00,45,30,2600.00,86.666666,2789.00
1843.00,41,2015,10,141.00,30.00,46,31,2272.00,73.290322,2600.00
2445.00,41,2015,11,140.00,20.00,47,30,1843.00,61.433333,2272.00
2950.00,41,2015,12,131.00,43.00,48,30,2445.00,81.500000,1843.00
2139.00,41,2016,1,136.00,34.00,49,31,2950.00,95.161290,2445.00
2442.00,41,2016,2,139.00,39.00,50,28,2139.00,76.392857,2950.00
1549.00,41,2016,3,123.00,47.00,51,31,2442.00,78.774193,2139.00
1450.00,41,2016,4,119.00,33.00,52,21,1549.00,73.761904,2442.00
840.00,41,2016,5,74.00,36.00,53,25,1450.00,58.000000,1549.00
1391.00,41,2016,6,66.00,34.00,54,18,840.00,46.666666,1450.00
2009.00,41,2016,7,105.00,42.00,55,20,1391.00,69.550000,840.00
1439.00,41,2016,8,112.00,44.00,56,27,2009.00,74.407407,1391.00
1304.00,41,2016,9,109.00,29.00,57,23,1439.00,62.565217,2009.00
1327.00,41,2016,10,95.00,39.00,58,22,1304.00,59.272727,1439.00
1668.00,41,2016,11,79.00,15.00,59,25,1327.00,53.080000,1304.00
1223.00,41,2016,12,96.00,29.00,60,28,1668.00,59.571428,1327.00
1337.00,41,2017,1,90.00,31.00,61,19,1223.00,64.368421,1668.00
1324.00,41,2017,2,107.00,24.00,62,21,1337.00,63.666666,1223.00
1531.00,41,2017,3,80.00,31.00,63,24,1324.00,55.166666,1337.00
1556.00,41,2017,4,82.00,28.00,64,30,1531.00,51.033333,1324.00
1556.00,41,2017,5,76.00,34.00,65,28,1556.00,55.571428,1531.00
834.00,41,2017,6,89.00,24.00,66,26,1556.00,59.846153,1556.00
1564.00,41,2017,7,75.00,31.00,67,15,834.00,55.600000,1556.00
437.00,41,2017,8,100.00,39.00,68,24,1564.00,65.166666,834.00
1785.00,41,2017,9,84.00,41.00,69,7,437.00,62.428571,1564.00
3726.00,42,2015,2,197.00,77.00,38,29,3468.00,119.586206,4245.00
3599.00,42,2015,3,247.00,65.00,39,31,3726.00,120.193548,3468.00
3711.00,42,2015,4,224.00,57.00,40,30,3599.00,119.966666,3726.00
4103.00,42,2015,5,217.00,73.00,41,31,3711.00,119.709677,3599.00
4579.00,42,2015,6,268.00,73.00,42,30,4103.00,136.766666,3711.00
3655.00,42,2015,7,318.00,83.00,43,31,4579.00,147.709677,4103.00
3623.00,42,2015,8,214.00,64.00,44,31,3655.00,117.903225,4579.00
3173.00,42,2015,9,268.00,50.00,45,30,3623.00,120.766666,3655.00
3341.00,42,2015,10,186.00,38.00,46,31,3173.00,102.354838,3623.00
3893.00,42,2015,11,226.00,33.00,47,30,3341.00,111.366666,3173.00
3621.00,42,2015,12,265.00,75.00,48,30,3893.00,129.766666,3341.00
3063.00,42,2016,1,197.00,72.00,49,31,3621.00,116.806451,3893.00
2851.00,42,2016,2,208.00,56.00,50,28,3063.00,109.392857,3621.00
861.00,42,2016,3,166.00,57.00,51,31,2851.00,91.967741,3063.00
1754.00,42,2016,4,119.00,55.00,52,10,861.00,86.100000,2851.00
1781.00,42,2016,5,150.00,59.00,53,17,1754.00,103.176470,861.00
1561.00,42,2016,6,157.00,49.00,54,19,1781.00,93.736842,1754.00
1962.00,42,2016,7,181.00,66.00,55,14,1561.00,111.500000,1781.00
2278.00,42,2016,8,131.00,53.00,56,22,1962.00,89.181818,1561.00
2235.00,42,2016,9,145.00,53.00,57,24,2278.00,94.916666,1962.00
2752.00,42,2016,10,242.00,47.00,58,23,2235.00,97.173913,2278.00
1986.00,42,2016,11,174.00,29.00,59,30,2752.00,91.733333,2235.00
3325.00,42,2016,12,177.00,49.00,60,23,1986.00,86.347826,2752.00
2026.00,42,2017,1,233.00,59.00,61,31,3325.00,107.258064,1986.00
2680.00,42,2017,2,213.00,51.00,62,21,2026.00,96.476190,3325.00
2261.00,42,2017,3,186.00,39.00,63,31,2680.00,86.451612,2026.00
1390.00,42,2017,4,155.00,51.00,64,30,2261.00,75.366666,2680.00
1024.00,42,2017,5,162.00,45.00,65,17,1390.00,81.764705,2261.00
1163.00,42,2017,6,135.00,56.00,66,12,1024.00,85.333333,1390.00
2479.00,42,2017,7,126.00,64.00,67,12,1163.00,96.916666,1024.00
1753.00,42,2017,8,183.00,41.00,68,29,2479.00,85.482758,1163.00
2634.00,42,2017,9,181.00,33.00,69,23,1753.00,76.217391,2479.00
2236.00,43,2015,2,161.00,35.00,38,29,2469.00,85.137931,2620.00
1909.00,43,2015,3,139.00,25.00,39,31,2236.00,72.129032,2469.00
1710.00,43,2015,4,119.00,22.00,40,30,1909.00,63.633333,2236.00
2532.00,43,2015,5,104.00,19.00,41,31,1710.00,55.161290,1909.00
2301.00,43,2015,6,139.00,36.00,42,30,2532.00,84.400000,1710.00
2514.00,43,2015,7,126.00,34.00,43,31,2301.00,74.225806,2532.00
2140.00,43,2015,8,123.00,43.00,44,31,2514.00,81.096774,2301.00
2053.00,43,2015,9,125.00,20.00,45,30,2140.00,71.333333,2514.00
1494.00,43,2015,10,124.00,29.00,46,31,2053.00,66.225806,2140.00
2150.00,43,2015,11,79.00,9.00,47,30,1494.00,49.800000,2053.00
2193.00,43,2015,12,112.00,35.00,48,30,2150.00,71.666666,1494.00
1712.00,43,2016,1,155.00,34.00,49,31,2193.00,70.741935,2150.00
1403.00,43,2016,2,121.00,23.00,50,28,1712.00,61.142857,2193.00
1298.00,43,2016,3,98.00,19.00,51,31,1403.00,45.258064,1712.00
987.00,43,2016,4,103.00,15.00,52,28,1298.00,46.357142,1403.00
1110.00,43,2016,5,79.00,21.00,53,24,987.00,41.125000,1298.00
1155.00,43,2016,6,101.00,14.00,54,23,1110.00,48.260869,987.00
1443.00,43,2016,7,96.00,24.00,55,24,1155.00,48.125000,1110.00
1326.00,43,2016,8,126.00,18.00,56,24,1443.00,60.125000,1155.00
1390.00,43,2016,9,110.00,15.00,57,23,1326.00,57.652173,1443.00
1174.00,43,2016,10,96.00,19.00,58,31,1390.00,44.838709,1326.00
1566.00,43,2016,11,76.00,22.00,59,23,1174.00,51.043478,1390.00
699.00,43,2016,12,115.00,30.00,60,28,1566.00,55.928571,1174.00
1717.00,43,2017,1,69.00,31.00,61,16,699.00,43.687500,1566.00
1236.00,43,2017,2,106.00,25.00,62,28,1717.00,61.321428,699.00
572.00,43,2017,3,82.00,17.00,63,24,1236.00,51.500000,1717.00
768.00,43,2017,4,63.00,18.00,64,16,572.00,35.750000,1236.00
991.00,43,2017,5,84.00,22.00,65,17,768.00,45.176470,572.00
1665.00,43,2017,6,87.00,28.00,66,20,991.00,49.550000,768.00
1746.00,43,2017,7,101.00,21.00,67,31,1665.00,53.709677,991.00
687.00,43,2017,8,101.00,20.00,68,31,1746.00,56.322580,1665.00
1422.00,43,2017,9,96.00,24.00,69,15,687.00,45.800000,1746.00
3183.00,44,2015,2,158.00,60.00,38,29,3022.00,104.206896,3495.00
3255.00,44,2015,3,168.00,53.00,39,31,3183.00,102.677419,3022.00
3103.00,44,2015,4,163.00,55.00,40,30,3255.00,108.500000,3183.00
3488.00,44,2015,5,158.00,49.00,41,31,3103.00,100.096774,3255.00
3276.00,44,2015,6,193.00,61.00,42,30,3488.00,116.266666,3103.00
3209.00,44,2015,7,189.00,51.00,43,31,3276.00,105.677419,3488.00
2662.00,44,2015,8,182.00,63.00,44,31,3209.00,103.516129,3276.00
2790.00,44,2015,9,150.00,44.00,45,30,2662.00,88.733333,3209.00
2760.00,44,2015,10,146.00,32.00,46,31,2790.00,90.000000,2662.00
2654.00,44,2015,11,163.00,32.00,47,30,2760.00,92.000000,2790.00
3051.00,44,2015,12,150.00,31.00,48,30,2654.00,88.466666,2760.00
2461.00,44,2016,1,182.00,33.00,49,31,3051.00,98.419354,2654.00
2444.00,44,2016,2,159.00,38.00,50,28,2461.00,87.892857,3051.00
1557.00,44,2016,3,181.00,42.00,51,31,2444.00,78.838709,2461.00
1559.00,44,2016,4,118.00,42.00,52,21,1557.00,74.142857,2444.00
1806.00,44,2016,5,93.00,30.00,53,25,1559.00,62.360000,1557.00
1688.00,44,2016,6,158.00,40.00,54,18,1806.00,100.333333,1559.00
2443.00,44,2016,7,119.00,51.00,55,20,1688.00,84.400000,1806.00
1904.00,44,2016,8,179.00,41.00,56,27,2443.00,90.481481,1688.00
1928.00,44,2016,9,129.00,53.00,57,23,1904.00,82.782608,2443.00
1983.00,44,2016,10,138.00,42.00,58,22,1928.00,87.636363,1904.00
2393.00,44,2016,11,133.00,17.00,59,25,1983.00,79.320000,1928.00
1658.00,44,2016,12,151.00,54.00,60,28,2393.00,85.464285,1983.00
1738.00,44,2017,1,132.00,48.00,61,19,1658.00,87.263157,2393.00
1883.00,44,2017,2,160.00,43.00,62,21,1738.00,82.761904,1658.00
2380.00,44,2017,3,138.00,38.00,63,24,1883.00,78.458333,1738.00
2211.00,44,2017,4,162.00,26.00,64,30,2380.00,79.333333,1883.00
1914.00,44,2017,5,122.00,45.00,65,28,2211.00,78.964285,2380.00
1017.00,44,2017,6,132.00,37.00,66,26,1914.00,73.615384,2211.00
1924.00,44,2017,7,117.00,36.00,67,15,1017.00,67.800000,1914.00
459.00,44,2017,8,124.00,44.00,68,24,1924.00,80.166666,1017.00
2217.00,44,2017,9,94.00,39.00,69,7,459.00,65.571428,1924.00
745.00,45,2015,2,52.00,4.00,38,29,628.00,21.655172,605.00
721.00,45,2015,3,41.00,8.00,39,31,745.00,24.032258,628.00
574.00,45,2015,4,55.00,9.00,40,30,721.00,24.033333,745.00
555.00,45,2015,5,45.00,3.00,41,31,574.00,18.516129,721.00
758.00,45,2015,6,69.00,4.00,42,30,555.00,18.500000,574.00
598.00,45,2015,7,71.00,5.00,43,31,758.00,24.451612,555.00
698.00,45,2015,8,53.00,7.00,44,31,598.00,19.290322,758.00
652.00,45,2015,9,62.00,6.00,45,30,698.00,23.266666,598.00
718.00,45,2015,10,61.00,5.00,46,31,652.00,21.032258,698.00
723.00,45,2015,11,74.00,5.00,47,29,718.00,24.758620,652.00
861.00,45,2015,12,66.00,3.00,48,30,723.00,24.100000,718.00
822.00,45,2016,1,71.00,4.00,49,31,861.00,27.774193,723.00
628.00,45,2016,2,74.00,3.00,50,27,822.00,30.444444,861.00
675.00,45,2016,3,41.00,4.00,51,31,628.00,20.258064,822.00
668.00,45,2016,4,49.00,4.00,52,30,675.00,22.500000,628.00
309.00,45,2016,5,94.00,3.00,53,31,668.00,21.548387,675.00
409.00,45,2016,6,42.00,2.00,54,19,309.00,16.263157,668.00
584.00,45,2016,7,55.00,1.00,55,24,409.00,17.041666,309.00
776.00,45,2016,8,83.00,2.00,56,24,584.00,24.333333,409.00
660.00,45,2016,9,115.00,5.00,57,23,776.00,33.739130,584.00
386.00,45,2016,10,96.00,1.00,58,31,660.00,21.290322,776.00
494.00,45,2016,11,58.00,1.00,59,23,386.00,16.782608,660.00
669.00,45,2016,12,48.00,3.00,60,24,494.00,20.583333,386.00
589.00,45,2017,1,48.00,1.00,61,30,669.00,22.300000,494.00
412.00,45,2017,2,67.00,2.00,62,28,589.00,21.035714,669.00
393.00,45,2017,3,60.00,1.00,63,26,412.00,15.846153,589.00
463.00,45,2017,4,56.00,2.00,64,27,393.00,14.555555,412.00
309.00,45,2017,5,45.00,2.00,65,30,463.00,15.433333,393.00
487.00,45,2017,6,26.00,1.00,66,23,309.00,13.434782,463.00
596.00,45,2017,7,67.00,6.00,67,24,487.00,20.291666,309.00
549.00,45,2017,8,65.00,2.00,68,24,596.00,24.833333,487.00
538.00,45,2017,9,58.00,4.00,69,30,549.00,18.300000,596.00
1309.00,5,2015,2,76.00,15.00,38,29,1264.00,43.586206,1705.00
1003.00,5,2015,3,78.00,21.00,39,31,1309.00,42.225806,1264.00
1106.00,5,2015,4,49.00,18.00,40,30,1003.00,33.433333,1309.00
1321.00,5,2015,5,68.00,19.00,41,31,1106.00,35.677419,1003.00
1051.00,5,2015,6,80.00,22.00,42,30,1321.00,44.033333,1106.00
1406.00,5,2015,7,52.00,18.00,43,31,1051.00,33.903225,1321.00
1403.00,5,2015,8,102.00,25.00,44,31,1406.00,45.354838,1051.00
1302.00,5,2015,9,92.00,25.00,45,30,1403.00,46.766666,1406.00
1105.00,5,2015,10,80.00,17.00,46,31,1302.00,42.000000,1403.00
1340.00,5,2015,11,55.00,9.00,47,30,1105.00,36.833333,1302.00
1488.00,5,2015,12,67.00,24.00,48,30,1340.00,44.666666,1105.00
1209.00,5,2016,1,92.00,20.00,49,31,1488.00,48.000000,1340.00
975.00,5,2016,2,73.00,25.00,50,28,1209.00,43.178571,1488.00
733.00,5,2016,3,57.00,18.00,51,31,975.00,31.451612,1209.00
763.00,5,2016,4,56.00,13.00,52,21,733.00,34.904761,975.00
561.00,5,2016,5,47.00,19.00,53,25,763.00,30.520000,733.00
856.00,5,2016,6,46.00,22.00,54,18,561.00,31.166666,763.00
1211.00,5,2016,7,62.00,24.00,55,20,856.00,42.800000,561.00
933.00,5,2016,8,71.00,24.00,56,27,1211.00,44.851851,856.00
957.00,5,2016,9,59.00,19.00,57,23,933.00,40.565217,1211.00
1110.00,5,2016,10,66.00,25.00,58,22,957.00,43.500000,933.00
1437.00,5,2016,11,68.00,15.00,59,25,1110.00,44.400000,957.00
772.00,5,2016,12,81.00,27.00,60,28,1437.00,51.321428,1110.00
962.00,5,2017,1,71.00,25.00,61,19,772.00,40.631578,1437.00
1009.00,5,2017,2,72.00,26.00,62,21,962.00,45.809523,772.00
1103.00,5,2017,3,68.00,17.00,63,24,1009.00,42.041666,962.00
1047.00,5,2017,4,62.00,22.00,64,30,1103.00,36.766666,1009.00
1066.00,5,2017,5,64.00,22.00,65,28,1047.00,37.392857,1103.00
590.00,5,2017,6,60.00,25.00,66,26,1066.00,41.000000,1047.00
984.00,5,2017,7,53.00,20.00,67,15,590.00,39.333333,1066.00
321.00,5,2017,8,76.00,16.00,68,24,984.00,41.000000,590.00
1052.00,5,2017,9,66.00,25.00,69,7,321.00,45.857142,984.00
3267.00,6,2015,2,195.00,48.00,38,29,2929.00,101.000000,3226.00
3087.00,6,2015,3,227.00,58.00,39,31,3267.00,105.387096,2929.00
3200.00,6,2015,4,194.00,53.00,40,30,3087.00,102.900000,3267.00
3444.00,6,2015,5,179.00,47.00,41,31,3200.00,103.225806,3087.00
3654.00,6,2015,6,214.00,65.00,42,30,3444.00,114.800000,3200.00
3902.00,6,2015,7,185.00,72.00,43,31,3654.00,117.870967,3444.00
3789.00,6,2015,8,216.00,57.00,44,31,3902.00,125.870967,3654.00
3617.00,6,2015,9,248.00,55.00,45,30,3789.00,126.300000,3902.00
3468.00,6,2015,10,230.00,51.00,46,31,3617.00,116.677419,3789.00
4582.00,6,2015,11,206.00,39.00,47,30,3468.00,115.600000,3617.00
4535.00,6,2015,12,231.00,88.00,48,30,4582.00,152.733333,3468.00
3704.00,6,2016,1,261.00,59.00,49,31,4535.00,146.290322,4582.00
3627.00,6,2016,2,252.00,47.00,50,28,3704.00,132.285714,4535.00
1081.00,6,2016,3,174.00,56.00,51,31,3627.00,117.000000,3704.00
2070.00,6,2016,4,168.00,59.00,52,10,1081.00,108.100000,3627.00
2619.00,6,2016,5,232.00,79.00,53,17,2070.00,121.764705,1081.00
2011.00,6,2016,6,218.00,83.00,54,19,2619.00,137.842105,2070.00
2582.00,6,2016,7,220.00,76.00,55,14,2011.00,143.642857,2619.00
3332.00,6,2016,8,165.00,77.00,56,22,2582.00,117.363636,2011.00
3045.00,6,2016,9,312.00,81.00,57,24,3332.00,138.833333,2582.00
3977.00,6,2016,10,192.00,78.00,58,23,3045.00,132.391304,3332.00
2678.00,6,2016,11,266.00,42.00,59,30,3977.00,132.566666,3045.00
4135.00,6,2016,12,191.00,52.00,60,23,2678.00,116.434782,3977.00
2607.00,6,2017,1,257.00,74.00,61,31,4135.00,133.387096,2678.00
3798.00,6,2017,2,269.00,51.00,62,21,2607.00,124.142857,4135.00
3439.00,6,2017,3,248.00,71.00,63,31,3798.00,122.516129,2607.00
1819.00,6,2017,4,181.00,62.00,64,30,3439.00,114.633333,3798.00
1606.00,6,2017,5,175.00,68.00,65,17,1819.00,107.000000,3439.00
1656.00,6,2017,6,288.00,65.00,66,12,1606.00,133.833333,1819.00
3279.00,6,2017,7,223.00,93.00,67,12,1656.00,138.000000,1606.00
2652.00,6,2017,8,190.00,69.00,68,29,3279.00,113.068965,1656.00
3432.00,6,2017,9,268.00,58.00,69,23,2652.00,115.304347,3279.00
3238.00,7,2015,2,199.00,57.00,38,29,3471.00,119.689655,4235.00
3109.00,7,2015,3,225.00,46.00,39,31,3238.00,104.451612,3471.00
2902.00,7,2015,4,210.00,32.00,40,30,3109.00,103.633333,3238.00
3499.00,7,2015,5,167.00,31.00,41,31,2902.00,93.612903,3109.00
3899.00,7,2015,6,163.00,74.00,42,30,3499.00,116.633333,2902.00
3450.00,7,2015,7,229.00,68.00,43,31,3899.00,125.774193,3499.00
3058.00,7,2015,8,188.00,40.00,44,31,3450.00,111.290322,3899.00
3050.00,7,2015,9,152.00,35.00,45,30,3058.00,101.933333,3450.00
2881.00,7,2015,10,179.00,26.00,46,31,3050.00,98.387096,3058.00
3671.00,7,2015,11,179.00,39.00,47,30,2881.00,96.033333,3050.00
3276.00,7,2015,12,240.00,59.00,48,30,3671.00,122.366666,2881.00
2501.00,7,2016,1,165.00,39.00,49,31,3276.00,105.677419,3671.00
2510.00,7,2016,2,124.00,45.00,50,28,2501.00,89.321428,3276.00
1706.00,7,2016,3,149.00,25.00,51,31,2510.00,80.967741,2501.00
1278.00,7,2016,4,148.00,34.00,52,20,1706.00,85.300000,2510.00
2620.00,7,2016,5,151.00,36.00,53,15,1278.00,85.200000,1706.00
3612.00,7,2016,6,161.00,45.00,54,30,2620.00,87.333333,1278.00
3499.00,7,2016,7,228.00,40.00,55,31,3612.00,116.516129,2620.00
1707.00,7,2016,8,268.00,88.00,56,24,3499.00,145.791666,3612.00
2424.00,7,2016,9,218.00,92.00,57,13,1707.00,131.307692,3499.00
3292.00,7,2016,10,195.00,70.00,58,20,2424.00,121.200000,1707.00
4239.00,7,2016,11,172.00,58.00,59,27,3292.00,121.925925,2424.00
4423.00,7,2016,12,225.00,67.00,60,30,4239.00,141.300000,3292.00
3533.00,7,2017,1,241.00,82.00,61,31,4423.00,142.677419,4239.00
3584.00,7,2017,2,208.00,56.00,62,28,3533.00,126.178571,4423.00
2697.00,7,2017,3,195.00,69.00,63,31,3584.00,115.612903,3533.00
1763.00,7,2017,4,206.00,63.00,64,23,2697.00,117.260869,3584.00
2883.00,7,2017,5,190.00,69.00,65,15,1763.00,117.533333,2697.00
3948.00,7,2017,6,259.00,56.00,66,23,2883.00,125.347826,1763.00
3668.00,7,2017,7,199.00,79.00,67,31,3948.00,127.354838,2883.00
2238.00,7,2017,8,193.00,70.00,68,31,3668.00,118.322580,3948.00
2531.00,7,2017,9,155.00,55.00,69,23,2238.00,97.304347,3668.00
1437.00,8,2015,2,94.00,12.00,38,29,1349.00,46.517241,1616.00
1447.00,8,2015,3,103.00,16.00,39,31,1437.00,46.354838,1349.00
1488.00,8,2015,4,129.00,13.00,40,30,1447.00,48.233333,1437.00
1485.00,8,2015,5,98.00,21.00,41,31,1488.00,48.000000,1447.00
1551.00,8,2015,6,116.00,19.00,42,30,1485.00,49.500000,1488.00
2415.00,8,2015,7,84.00,24.00,43,31,1551.00,50.032258,1485.00
1884.00,8,2015,8,192.00,21.00,44,31,2415.00,77.903225,1551.00
1969.00,8,2015,9,146.00,27.00,45,30,1884.00,62.800000,2415.00
1531.00,8,2015,10,165.00,25.00,46,31,1969.00,63.516129,1884.00
1437.00,8,2015,11,123.00,6.00,47,30,1531.00,51.033333,1969.00
1371.00,8,2015,12,119.00,16.00,48,30,1437.00,47.900000,1531.00
1229.00,8,2016,1,80.00,16.00,49,31,1371.00,44.225806,1437.00
1501.00,8,2016,2,76.00,22.00,50,28,1229.00,43.892857,1371.00
864.00,8,2016,3,87.00,18.00,51,31,1501.00,48.419354,1229.00
578.00,8,2016,4,64.00,16.00,52,25,864.00,34.560000,1501.00
1163.00,8,2016,5,82.00,15.00,53,17,578.00,34.000000,864.00
1463.00,8,2016,6,74.00,18.00,54,30,1163.00,38.766666,578.00
3176.00,8,2016,7,133.00,21.00,55,24,1463.00,60.958333,1163.00
1675.00,8,2016,8,196.00,40.00,56,31,3176.00,102.451612,1463.00
964.00,8,2016,9,155.00,35.00,57,17,1675.00,98.529411,3176.00
792.00,8,2016,10,146.00,19.00,58,17,964.00,56.705882,1675.00
1867.00,8,2016,11,67.00,14.00,59,20,792.00,39.600000,964.00
1570.00,8,2016,12,199.00,16.00,60,30,1867.00,62.233333,792.00
969.00,8,2017,1,147.00,15.00,61,31,1570.00,50.645161,1867.00
956.00,8,2017,2,59.00,16.00,62,28,969.00,34.607142,1570.00
832.00,8,2017,3,65.00,12.00,63,31,956.00,30.838709,969.00
499.00,8,2017,4,89.00,10.00,64,23,832.00,36.173913,956.00
646.00,8,2017,5,68.00,10.00,65,16,499.00,31.187500,832.00
830.00,8,2017,6,55.00,10.00,66,23,646.00,28.086956,499.00
1234.00,8,2017,7,70.00,13.00,67,23,830.00,36.086956,646.00
824.00,8,2017,8,75.00,17.00,68,31,1234.00,39.806451,830.00
815.00,8,2017,9,63.00,14.00,69,23,824.00,35.826086,1234.00
4110.00,9,2015,2,283.00,77.00,38,29,4100.00,141.379310,5594.00
4219.00,9,2015,3,204.00,84.00,39,31,4110.00,132.580645,4100.00
4494.00,9,2015,4,226.00,61.00,40,30,4219.00,140.633333,4110.00
4960.00,9,2015,5,213.00,92.00,41,31,4494.00,144.967741,4219.00
5017.00,9,2015,6,251.00,111.00,42,30,4960.00,165.333333,4494.00
4724.00,9,2015,7,240.00,87.00,43,31,5017.00,161.838709,4960.00
4233.00,9,2015,8,263.00,77.00,44,31,4724.00,152.387096,5017.00
4294.00,9,2015,9,253.00,70.00,45,30,4233.00,141.100000,4724.00
3696.00,9,2015,10,239.00,85.00,46,31,4294.00,138.516129,4233.00
4397.00,9,2015,11,185.00,19.00,47,30,3696.00,123.200000,4294.00
4163.00,9,2015,12,239.00,80.00,48,30,4397.00,146.566666,3696.00
3416.00,9,2016,1,185.00,95.00,49,31,4163.00,134.290322,4397.00
3688.00,9,2016,2,219.00,62.00,50,28,3416.00,122.000000,4163.00
3434.00,9,2016,3,184.00,64.00,51,31,3688.00,118.967741,3416.00
3125.00,9,2016,4,171.00,70.00,52,30,3434.00,114.466666,3688.00
2593.00,9,2016,5,167.00,73.00,53,26,3125.00,120.192307,3434.00
3521.00,9,2016,6,194.00,62.00,54,21,2593.00,123.476190,3125.00
3755.00,9,2016,7,184.00,70.00,55,31,3521.00,113.580645,2593.00
1961.00,9,2016,8,209.00,66.00,56,31,3755.00,121.129032,3521.00
3186.00,9,2016,9,189.00,75.00,57,17,1961.00,115.352941,3755.00
3147.00,9,2016,10,173.00,55.00,58,30,3186.00,106.200000,1961.00
3658.00,9,2016,11,181.00,13.00,59,30,3147.00,104.900000,3186.00
3357.00,9,2016,12,282.00,68.00,60,30,3658.00,121.933333,3147.00
2780.00,9,2017,1,174.00,53.00,61,31,3357.00,108.290322,3658.00
3076.00,9,2017,2,161.00,60.00,62,28,2780.00,99.285714,3357.00
2642.00,9,2017,3,265.00,44.00,63,31,3076.00,99.225806,2780.00
2045.00,9,2017,4,140.00,49.00,64,30,2642.00,88.066666,3076.00
2550.00,9,2017,5,142.00,62.00,65,22,2045.00,92.954545,2642.00
1968.00,9,2017,6,162.00,60.00,66,25,2550.00,102.000000,2045.00
1881.00,9,2017,7,159.00,72.00,67,19,1968.00,103.578947,2550.00
2010.00,9,2017,8,138.00,51.00,68,20,1881.00,94.050000,1968.00
1285.00,9,2017,9,143.00,56.00,69,23,2010.00,87.391304,1881.00
