next,productId,year,month,units,avg,count,max,min,idx,prev
32161,1509,2015,2,34239,1222,28,2092,770,2,33758
29933,1509,2015,3,32161,1037,31,1698,607,3,34239
26419,1509,2015,4,29933,997,30,1643,516,4,32161
29632,1509,2015,5,26419,852,31,1415,509,5,29933
29967,1509,2015,6,29632,987,30,1607,589,6,26419
33702,1509,2015,7,29967,966,31,1502,635,7,29632
33220,1509,2015,8,33702,1087,31,2034,618,8,29967
33939,1509,2015,9,33220,1107,30,1713,730,9,33702
29473,1509,2015,10,33939,1094,31,1858,492,10,33220
34068,1509,2015,11,29473,982,30,1733,356,11,33939
32541,1509,2015,12,34068,1135,30,1706,618,12,29473
28135,1509,2016,1,32541,1049,31,1901,577,13,34068
30633,1509,2016,2,28135,1004,28,1681,593,14,32541
24021,1509,2016,3,30633,988,31,1629,483,15,28135
20359,1509,2016,4,24021,800,30,1283,393,16,30633
20898,1509,2016,5,20359,656,31,1451,355,17,24021
22559,1509,2016,6,20898,696,30,1123,333,18,20359
25601,1509,2016,7,22559,727,31,1240,317,19,20898
23935,1509,2016,8,25601,825,31,1265,477,20,22559
26728,1509,2016,9,23935,797,30,1596,271,21,25601
27069,1509,2016,10,26728,862,31,1481,449,22,23935
27610,1509,2016,11,27069,902,30,1769,289,23,26728
31470,1509,2016,12,27610,890,31,1638,1,24,27069
24409,1509,2017,1,31470,1015,31,2014,473,25,27610
25609,1509,2017,2,24409,871,28,1410,514,26,31470
23379,1509,2017,3,25609,826,31,1226,476,27,24409
18347,1509,2017,4,23379,779,30,1322,431,28,25609
18462,1509,2017,5,18347,591,31,1038,280,29,23379
17481,1509,2017,6,18462,615,30,922,337,30,18347
25093,1509,2017,7,17481,563,31,1022,138,31,18462
20643,1509,2017,8,25093,809,31,1362,448,32,17481
21122,1509,2017,9,20643,688,30,1250,205,33,25093
41,1510,2015,2,40,2,14,6,1,2,30
25,1510,2015,3,41,2,15,5,1,3,40
61,1510,2015,4,25,1,13,5,1,4,41
41,1510,2015,5,61,3,20,8,1,5,25
31,1510,2015,6,41,2,20,6,1,6,61
29,1510,2015,7,31,2,15,5,1,7,41
11,1510,2015,8,29,2,13,4,1,8,31
28,1510,2015,9,11,2,5,3,1,9,29
16,1510,2015,10,28,2,13,7,1,10,11
10,1510,2015,11,16,1,10,3,1,11,28
30,1510,2015,12,10,1,6,3,1,12,16
6,1510,2016,1,30,2,12,9,1,13,10
21,1510,2016,2,6,1,4,2,1,14,30
12,1510,2016,3,21,2,8,6,1,15,6
19,1510,2016,4,12,2,6,4,1,16,21
8,1510,2016,5,19,2,9,4,1,17,12
32,1510,2016,6,8,2,4,2,2,18,19
19,1510,2016,7,32,2,14,4,1,19,8
9,1510,2016,8,19,2,9,7,1,20,32
10,1510,2016,9,9,1,5,3,1,21,19
13,1510,2016,10,10,1,6,2,1,22,9
27,1510,2016,11,13,1,7,2,1,23,10
25,1510,2016,12,27,1,14,4,1,24,13
28,1510,2017,1,25,2,11,3,1,25,27
37,1510,2017,2,28,2,12,8,1,26,25
27,1510,2017,3,37,3,12,12,1,27,28
23,1510,2017,4,27,1,15,4,1,28,37
9,1510,2017,5,23,2,9,4,1,29,27
14,1510,2017,6,9,1,5,3,1,30,23
4,1510,2017,7,14,1,8,3,1,31,9
6,1510,2017,8,4,1,4,1,1,32,14
3,1510,2017,9,6,2,3,3,1,33,4
20,1511,2015,2,21,1,13,4,1,2,42
27,1511,2015,3,20,2,10,4,1,3,21
23,1511,2015,4,27,1,14,5,1,4,20
29,1511,2015,5,23,1,13,3,1,5,27
14,1511,2015,6,29,2,13,4,1,6,23
25,1511,2015,7,14,1,9,4,1,7,29
44,1511,2015,8,25,1,14,5,1,8,14
24,1511,2015,9,44,2,15,7,1,9,25
13,1511,2015,10,24,2,12,4,1,10,44
29,1511,2015,11,13,1,8,4,1,11,24
33,1511,2015,12,29,3,8,12,1,12,13
34,1511,2016,1,33,2,14,4,1,13,29
16,1511,2016,2,34,2,15,6,1,14,33
7,1511,2016,3,16,2,7,3,1,15,34
7,1511,2016,4,7,1,4,2,1,16,16
8,1511,2016,5,7,1,4,3,1,17,7
7,1511,2016,6,8,1,6,2,1,18,7
10,1511,2016,7,7,1,4,3,1,19,8
25,1511,2016,8,10,2,5,3,1,20,7
22,1511,2016,9,25,2,10,8,1,21,10
32,1511,2016,10,22,2,11,4,1,22,25
26,1511,2016,11,32,2,13,6,1,23,22
12,1511,2016,12,26,2,12,10,1,24,32
39,1501,2015,4,58,2,22,7,1,4,67
57,1501,2015,5,39,2,15,5,1,5,58
58,1501,2015,6,57,3,19,7,1,6,39
21,1501,2015,7,58,2,20,9,1,7,57
83,1501,2016,2,21,2,10,4,1,14,58
37,1501,2016,3,83,3,24,8,1,15,21
43,1501,2016,4,37,3,12,5,1,16,83
30,1501,2016,5,43,2,18,5,1,17,37
53,1501,2016,6,30,2,14,6,1,18,43
10,1501,2016,7,53,3,17,9,1,19,30
10,1501,2016,8,10,1,6,2,1,20,53
53,1501,2017,2,10,1,8,2,1,26,10
35,1501,2017,3,53,2,19,7,1,27,10
27,1501,2017,4,35,2,17,5,1,28,53
41,1501,2017,5,27,1,14,4,1,29,35
34,1501,2017,6,41,1,22,5,1,30,27
22,1501,2017,7,34,2,14,7,1,31,41
158,1502,2015,4,241,8,30,18,2,4,233
176,1502,2015,5,158,5,29,16,1,5,241
175,1502,2015,6,176,6,28,15,1,6,158
6,1502,2015,7,175,5,31,13,1,7,176
105,1502,2015,8,6,3,2,4,2,8,175
362,1502,2016,2,105,8,12,18,1,14,6
139,1502,2016,3,362,12,30,30,3,15,105
188,1502,2016,4,139,5,24,16,1,16,362
125,1502,2016,5,188,8,23,24,1,17,139
123,1502,2016,6,125,5,21,13,1,18,188
51,1502,2016,7,123,6,20,19,1,19,125
119,1502,2016,8,51,5,9,15,1,20,123
369,1502,2017,2,119,11,10,25,6,26,51
261,1502,2017,3,369,11,31,31,2,27,119
105,1502,2017,4,261,8,30,18,1,28,369
194,1502,2017,5,105,4,25,11,1,29,261
60,1502,2017,6,194,7,26,19,2,30,105
76,1502,2017,7,60,3,19,8,1,31,194
3,1502,2017,8,76,4,19,9,1,32,60
63,1503,2015,4,61,2,23,5,1,4,34
81,1503,2015,5,63,2,22,12,1,5,61
47,1503,2015,6,81,3,27,8,1,6,63
10,1503,2015,7,47,2,19,5,1,7,81
31,1503,2015,8,10,2,5,3,1,8,47
69,1503,2016,2,31,5,6,9,1,14,10
41,1503,2016,3,69,2,26,8,1,15,31
35,1503,2016,4,41,2,18,7,1,16,69
22,1503,2016,5,35,2,15,5,1,17,41
30,1503,2016,6,22,1,14,3,1,18,35
11,1503,2016,7,30,2,13,6,1,19,22
33,1503,2016,8,11,2,5,3,2,20,30
49,1503,2017,2,33,3,9,8,1,26,11
28,1503,2017,3,49,3,14,12,1,27,33
16,1503,2017,4,28,2,13,5,1,28,49
14,1503,2017,5,16,1,12,2,1,29,28
32,1504,2015,3,36,2,18,5,1,3,4
29,1504,2015,4,32,2,14,7,1,4,36
21,1504,2015,5,29,2,12,6,1,5,32
16,1504,2015,6,21,2,9,4,1,6,29
10,1504,2015,7,16,2,8,4,1,7,21
2,1504,2015,8,10,1,7,2,1,8,16
2,1504,2015,9,2,2,1,2,2,9,10
17,1504,2016,2,2,2,1,2,2,14,2
14,1504,2016,3,17,1,10,3,1,15,2
13,1504,2016,4,14,1,10,3,1,16,17
15,1504,2016,5,13,1,7,3,1,17,14
17,1504,2016,6,15,1,8,3,1,18,13
4,1504,2016,7,17,2,6,6,1,19,15
1,1504,2016,8,4,2,2,2,2,20,17
23,1504,2016,9,1,1,1,1,1,21,4
15,1504,2017,1,23,1,14,3,1,25,1
11,1504,2017,2,15,2,6,6,1,26,23
8,1504,2017,3,11,1,8,2,1,27,15
12,1504,2017,4,8,1,6,2,1,28,11
7,1504,2017,5,12,1,7,3,1,29,8
16,1504,2017,6,7,2,3,3,1,30,12
19,1504,2017,7,16,1,11,3,1,31,7
4,1504,2017,8,19,1,11,4,1,32,16
22,1517,2015,4,5,1,3,3,1,4,19
29,1517,2015,5,22,1,12,3,1,5,5
27,1517,2015,6,29,1,20,3,1,6,22
17,1517,2015,7,27,1,17,3,1,7,29
25,1517,2015,8,17,1,14,2,1,8,27
37,1517,2015,9,25,1,16,3,1,9,17
20,1517,2015,10,37,1,23,3,1,10,25
35,1517,2015,11,20,1,14,3,1,11,37
1236,1506,2015,2,1743,62,28,141,9,2,1921
1442,1506,2015,3,1236,39,31,103,6,3,1743
1338,1506,2015,4,1442,48,30,132,7,4,1236
1191,1506,2015,5,1338,43,31,91,8,5,1442
1308,1506,2015,6,1191,39,30,92,12,6,1338
1610,1506,2015,7,1308,43,30,147,3,7,1191
1397,1506,2015,8,1610,51,31,126,15,8,1308
1365,1506,2015,9,1397,46,30,157,3,9,1610
1789,1506,2015,10,1365,44,31,119,2,10,1397
1653,1506,2015,11,1789,59,30,132,4,11,1365
1436,1506,2015,12,1653,55,30,200,16,12,1789
1206,1506,2016,1,1436,46,31,132,17,13,1653
1374,1506,2016,2,1206,43,28,122,6,14,1436
1154,1506,2016,3,1374,44,31,149,7,15,1206
889,1506,2016,4,1154,38,30,130,3,16,1374
894,1506,2016,5,889,37,24,173,3,17,1154
796,1506,2016,6,894,38,23,114,4,18,889
1221,1506,2016,7,796,33,24,92,3,19,894
1353,1506,2016,8,1221,39,31,127,2,20,796
1165,1506,2016,9,1353,45,30,132,2,21,1221
1028,1506,2016,10,1165,37,31,124,3,22,1353
1259,1506,2016,11,1028,34,30,93,2,23,1165
1260,1506,2016,12,1259,41,30,81,4,24,1028
1272,1506,2017,1,1260,40,31,91,5,25,1259
1129,1506,2017,2,1272,45,28,95,5,26,1260
1171,1506,2017,3,1129,36,31,109,7,27,1272
668,1506,2017,4,1171,50,23,116,3,28,1129
24,1506,2017,5,668,31,21,117,3,29,1171
883,1506,2017,6,24,12,2,13,11,30,668
1203,1506,2017,7,883,38,23,85,8,31,24
1026,1506,2017,8,1203,38,31,125,3,32,883
994,1506,2017,9,1026,35,29,130,1,33,1203
1000,1508,2015,2,1222,43,28,103,6,2,960
988,1508,2015,3,1000,32,31,83,1,3,1222
1076,1508,2015,4,988,32,30,89,5,4,1000
1075,1508,2015,5,1076,34,31,99,8,5,988
1282,1508,2015,6,1075,35,30,90,5,6,1076
982,1508,2015,7,1282,41,31,93,11,7,1075
846,1508,2015,8,982,31,31,83,4,8,1282
1106,1508,2015,9,846,32,26,83,2,9,982
1081,1508,2015,10,1106,35,31,116,9,10,846
1351,1508,2015,11,1081,36,30,106,7,11,1106
1188,1508,2015,12,1351,45,30,95,10,12,1081
1417,1508,2016,1,1188,38,31,114,8,13,1351
1101,1508,2016,2,1417,50,28,119,12,14,1188
681,1508,2016,3,1101,35,31,90,3,15,1417
594,1508,2016,4,681,22,30,44,3,16,1101
809,1508,2016,5,594,24,24,73,2,17,681
717,1508,2016,6,809,28,28,62,9,18,594
649,1508,2016,7,717,31,23,83,1,19,809
864,1508,2016,8,649,32,20,184,1,20,717
718,1508,2016,9,864,36,24,78,10,21,649
971,1508,2016,10,718,31,23,57,3,22,864
763,1508,2016,11,971,42,23,104,10,23,718
1108,1508,2016,12,763,33,23,77,8,24,971
614,1508,2017,1,1108,38,29,120,8,25,763
723,1508,2017,2,614,29,21,83,5,26,1108
603,1508,2017,3,723,27,26,92,1,27,614
657,1508,2017,4,603,20,30,43,4,28,723
903,1508,2017,5,657,31,21,62,9,29,603
539,1508,2017,6,903,36,25,98,7,30,657
701,1508,2017,7,539,28,19,64,5,31,903
690,1508,2017,8,701,25,27,58,1,32,539
366,1508,2017,9,690,30,23,73,2,33,701
58,1513,2015,4,72,3,23,8,1,4,62
47,1513,2015,5,58,2,23,5,1,5,72
62,1513,2015,6,47,2,20,4,1,6,58
78,1513,2015,7,62,2,22,5,1,7,47
1,1513,2015,8,78,3,25,11,1,8,62
9,1513,2015,9,1,1,1,1,1,9,78
19,1513,2016,3,9,2,4,5,1,15,1
31,1513,2016,4,19,1,10,5,1,16,9
31,1513,2016,5,31,2,13,7,1,17,19
8,1513,2016,6,31,2,13,6,1,18,31
15,1513,2016,7,8,1,5,3,1,19,31
30,1513,2016,8,15,1,9,3,1,20,8
52,1513,2016,9,30,2,13,5,1,21,15
15,1513,2017,3,52,3,17,7,1,27,30
2,1513,2017,4,15,1,8,5,1,28,52
8,1513,2017,5,2,1,2,1,1,29,15
4,1513,2017,8,8,2,4,4,1,32,2
242,1515,2015,10,69,4,16,16,1,10,1
638,1515,2015,11,242,9,26,52,1,11,69
535,1515,2015,12,638,22,28,111,2,12,242
835,1515,2016,1,535,17,31,41,3,13,638
33,1517,2015,12,35,1,21,3,1,12,20
33,1517,2016,1,33,1,18,7,1,13,35
46,1517,2016,2,33,2,15,6,1,14,33
35,1517,2016,3,46,2,23,5,1,15,33
26,1517,2016,4,35,1,19,5,1,16,46
27,1517,2016,5,26,2,13,5,1,17,35
25,1517,2016,6,27,1,15,4,1,18,26
53,1517,2016,7,25,1,13,6,1,19,27
43,1517,2016,8,53,2,20,6,1,20,25
40,1517,2016,9,43,3,14,6,1,21,53
44,1517,2016,10,40,1,23,4,1,22,43
45,1517,2016,11,44,2,19,7,1,23,40
41,1517,2016,12,45,2,20,5,1,24,44
21,1518,2015,2,21,1,15,2,1,2,18
17,1518,2015,3,21,1,15,3,1,3,21
23,1518,2015,4,17,1,14,2,1,4,21
21,1518,2015,5,23,1,15,3,1,5,17
25,1518,2015,6,21,1,14,3,1,6,23
27,1518,2015,7,25,1,16,3,1,7,21
27,1518,2015,8,27,1,17,3,1,8,25
22,1518,2015,9,27,1,14,5,1,9,27
23,1518,2015,10,22,1,16,2,1,10,27
31,1518,2015,11,23,1,17,2,1,11,22
35,1518,2015,12,31,1,16,4,1,12,23
28,1518,2016,1,35,1,20,4,1,13,31
23,1518,2016,2,28,1,20,5,1,14,35
7,1518,2016,3,23,1,15,3,1,15,28
12,1518,2016,4,7,1,6,2,1,16,23
15,1518,2016,5,12,1,10,2,1,17,7
11,1518,2016,6,15,1,9,2,1,18,12
15,1518,2016,7,11,1,8,2,1,19,15
24,1518,2016,8,15,1,14,2,1,20,11
20,1518,2016,9,24,1,13,5,1,21,15
24,1518,2016,10,20,1,13,3,1,22,24
28,1518,2016,11,24,1,16,4,1,23,20
17,1518,2016,12,28,1,18,3,1,24,24
20,1519,2015,2,16,1,12,3,1,2,13
20,1519,2015,3,20,1,15,2,1,3,16
16,1519,2015,4,20,1,18,2,1,4,20
21,1519,2015,5,16,1,11,2,1,5,20
16,1519,2015,6,21,1,15,3,1,6,16
21,1519,2015,7,16,1,12,3,1,7,21
12,1519,2015,8,21,1,15,4,1,8,16
15,1519,2015,9,12,1,8,3,1,9,21
15,1519,2015,10,15,1,11,3,1,10,12
18,1519,2015,11,15,1,12,2,1,11,15
20,1519,2015,12,18,1,14,3,1,12,15
18,1519,2016,1,20,1,17,2,1,13,18
22,1519,2016,2,18,1,15,2,1,14,20
22,1519,2016,3,22,1,15,3,1,15,18
33,1519,2016,4,22,1,15,2,1,16,22
21,1519,2016,5,33,1,20,3,1,17,22
27,1519,2016,6,21,1,13,3,1,18,33
21,1519,2016,7,27,1,18,3,1,19,21
20,1519,2016,8,21,1,16,4,1,20,27
33,1519,2016,9,20,1,14,3,1,21,21
29,1519,2016,10,33,1,18,4,1,22,20
38,1519,2016,11,29,1,20,4,1,23,33
33,1519,2016,12,38,1,23,5,1,24,29
28,1520,2015,2,24,1,15,3,1,2,32
25,1520,2015,3,28,1,18,3,1,3,24
27,1520,2015,4,25,1,17,4,1,4,28
36,1520,2015,5,27,1,18,3,1,5,25
29,1520,2015,6,36,1,20,4,1,6,27
30,1520,2015,7,29,1,17,3,1,7,36
31,1520,2015,8,30,1,22,2,1,8,29
42,1520,2015,9,31,1,22,3,1,9,30
38,1520,2015,10,42,1,24,4,1,10,31
43,1520,2015,11,38,1,22,6,1,11,42
40,1520,2015,12,43,1,23,5,1,12,38
44,1520,2016,1,40,1,24,4,1,13,43
40,1520,2016,2,44,1,25,3,1,14,40
35,1520,2016,3,40,1,24,3,1,15,44
42,1520,2016,4,35,1,19,4,1,16,40
23,1520,2016,5,42,1,24,4,1,17,35
22,1520,2016,6,23,1,14,3,1,18,42
33,1520,2016,7,22,1,12,4,1,19,23
35,1520,2016,8,33,2,16,5,1,20,22
26,1520,2016,9,35,2,15,4,1,21,33
45,1520,2016,10,26,1,15,4,1,22,35
64,1520,2016,11,45,1,24,4,1,23,26
29,1520,2016,12,64,2,24,6,1,24,45
1,1534,2015,2,1,1,1,1,1,2,4
1,1534,2015,3,1,1,1,1,1,3,1
115,1515,2016,2,835,30,27,84,1,14,535
12,1515,2016,3,115,8,13,25,1,15,835
65,1515,2016,9,12,1,8,2,1,21,115
217,1515,2016,10,65,3,18,9,1,22,12
1129,1515,2016,11,217,8,27,38,1,23,65
739,1515,2016,12,1129,40,28,154,2,24,217
288,1515,2017,1,739,23,31,75,2,25,1129
388,1515,2017,2,288,28,10,120,1,26,739
4,1515,2017,3,388,20,19,65,1,27,288
1,1515,2017,4,4,1,3,2,1,28,388
21,1515,2017,7,1,1,1,1,1,31,4
35,1515,2017,9,21,4,5,9,1,33,1
27,1522,2017,6,11,1,6,3,1,30,16
43,1522,2017,7,27,1,14,5,1,31,11
39,1522,2017,8,43,2,18,6,1,32,27
26,1522,2017,9,39,1,21,4,1,33,43
43,1524,2015,10,50,2,20,14,1,10,5
118,1524,2015,11,43,2,15,5,1,11,50
87,1524,2015,12,118,4,24,10,1,12,43
226,1524,2016,1,87,3,22,7,1,13,118
297,1524,2016,2,226,8,26,24,3,14,87
368,1524,2016,3,297,10,29,24,1,15,226
303,1524,2016,4,368,12,29,33,1,16,297
300,1524,2016,5,303,10,30,23,1,17,368
410,1524,2016,6,300,10,28,22,1,18,303
214,1524,2016,7,410,14,29,26,2,19,300
29,1531,2015,2,31,2,15,5,1,2,46
16,1531,2015,3,29,2,14,4,1,3,31
17,1531,2015,4,16,1,9,3,1,4,29
16,1531,2015,5,17,1,9,4,1,5,16
12,1531,2015,6,16,1,11,2,1,6,17
19,1531,2015,7,12,1,9,4,1,7,16
18,1531,2015,8,19,1,12,3,1,8,12
19,1531,2015,9,18,1,10,6,1,9,19
17,1531,2015,10,19,2,8,6,1,10,18
33,1531,2015,11,17,1,10,3,1,11,19
30,1531,2015,12,33,2,15,4,1,12,17
15,1531,2016,1,30,1,16,4,1,13,33
11,1531,2016,2,15,1,12,2,1,14,30
8,1531,2016,3,11,1,8,3,1,15,15
14,1531,2016,4,8,1,5,3,1,16,11
2,1531,2016,5,14,2,6,6,1,17,8
7,1531,2016,6,2,1,2,1,1,18,14
9,1531,2016,7,7,1,6,2,1,19,2
9,1531,2016,8,9,1,7,2,1,20,7
37,1531,2016,9,9,1,6,3,1,21,9
22,1531,2016,10,37,2,14,12,1,22,9
24,1531,2016,11,22,2,11,5,1,23,37
21,1531,2016,12,24,1,14,4,1,24,22
17,1531,2017,1,21,1,13,4,1,25,24
24,1531,2017,2,17,2,8,6,1,26,21
12,1531,2017,3,24,2,9,9,1,27,17
12,1531,2017,4,12,1,8,2,1,28,24
12,1531,2017,5,12,1,7,4,1,29,12
4,1531,2017,6,12,1,9,2,1,30,12
9,1531,2017,7,4,2,2,2,2,31,12
11,1531,2017,8,9,1,8,2,1,32,4
7,1531,2017,9,11,1,7,3,1,33,9
17,1533,2015,3,22,1,14,3,1,3,10
17,1533,2015,4,17,1,13,3,1,4,22
14,1533,2015,5,17,1,12,3,1,5,17
14,1533,2015,6,14,1,11,3,1,6,17
15,1533,2015,7,14,1,12,2,1,7,14
13,1533,2015,8,15,1,11,3,1,8,14
19,1533,2015,9,13,1,9,2,1,9,15
11,1533,2015,10,19,1,14,3,1,10,13
25,1533,2015,11,11,1,7,3,1,11,19
36,1533,2015,12,25,1,20,2,1,12,11
38,1533,2016,1,36,1,23,4,1,13,25
35,1533,2016,2,38,2,18,5,1,14,36
4,1533,2016,3,35,1,18,3,1,15,38
9,1533,2016,4,4,1,4,1,1,16,35
17,1533,2016,6,9,1,7,2,1,18,4
20,1533,2016,7,17,1,10,2,1,19,9
7,1533,2016,8,20,1,13,3,1,20,17
133,1538,2016,10,81,2,29,8,1,22,24
86,1538,2016,11,133,4,30,12,2,23,81
154,1538,2016,12,86,3,24,6,1,24,133
137,1538,2017,1,154,5,27,14,1,25,86
19,1538,2017,2,137,5,27,9,1,26,154
116,1538,2017,3,19,6,3,11,1,27,137
232,1538,2017,5,116,10,11,21,5,29,19
174,1538,2017,6,232,7,30,22,3,30,116
31425,1505,2015,2,33291,1188,28,2302,619,2,41022
31621,1505,2015,3,31425,1013,31,1664,567,3,33291
30912,1505,2015,4,31621,1054,30,1854,557,4,31425
33524,1505,2015,5,30912,997,31,1452,656,5,31621
34831,1505,2015,6,33524,1117,30,1914,709,6,30912
33314,1505,2015,7,34831,1123,31,1949,674,7,33524
29219,1505,2015,8,33314,1074,31,1764,593,8,34831
28854,1505,2015,9,29219,973,30,1436,587,9,33314
33517,1505,2015,10,28854,930,31,1463,446,10,29219
30788,1505,2015,11,33517,1117,30,6308,236,11,28854
28009,1505,2015,12,30788,1026,30,1693,733,12,33517
24361,1505,2016,1,28009,903,31,1501,553,13,30788
26471,1505,2016,2,24361,870,28,1360,434,14,28009
17766,1505,2016,3,26471,853,31,1220,599,15,24361
18912,1505,2016,4,17766,592,30,955,358,16,26471
19081,1505,2016,5,18912,610,31,1378,227,17,17766
20400,1505,2016,6,19081,636,30,1273,303,18,18912
22513,1505,2016,7,20400,658,31,1235,357,19,19081
17445,1505,2016,8,22513,726,31,1214,465,20,20400
20804,1505,2016,9,17445,581,30,1123,202,21,22513
24997,1505,2016,10,20804,671,31,1196,297,22,17445
26716,1505,2016,11,24997,833,30,4046,159,23,20804
26007,1505,2016,12,26716,890,30,1523,512,24,24997
20328,1505,2017,1,26007,838,31,1334,521,25,26716
21793,1505,2017,2,20328,726,28,1708,424,26,26007
19338,1505,2017,3,21793,703,31,1142,358,27,20328
14857,1505,2017,4,19338,644,30,1181,394,28,21793
17073,1505,2017,5,14857,479,31,887,145,29,19338
15774,1505,2017,6,17073,569,30,793,281,30,14857
20028,1505,2017,7,15774,508,31,1051,231,31,17073
14611,1505,2017,8,20028,646,31,1097,407,32,15774
17060,1505,2017,9,14611,487,30,827,183,33,20028
53,1507,2015,2,46,2,19,5,1,2,61
44,1507,2015,3,53,2,22,5,1,3,46
49,1507,2015,4,44,2,17,6,1,4,53
49,1507,2015,5,49,2,19,6,1,5,44
24,1507,2015,6,49,2,20,5,1,6,49
20,1507,2015,7,24,1,14,3,1,7,49
12,1507,2015,8,20,2,10,3,1,8,24
5,1507,2015,9,12,2,6,3,1,9,20
28,1507,2015,12,5,5,1,5,5,12,12
28,1507,2016,1,28,1,15,4,1,13,5
24,1507,2016,2,28,2,14,5,1,14,28
10,1507,2016,3,24,1,14,5,1,15,28
5,1507,2016,4,10,1,7,2,1,16,24
20,1507,2016,5,5,1,5,1,1,17,10
28,1507,2016,6,20,2,10,4,1,18,5
15,1507,2016,7,28,1,17,5,1,19,20
2,1507,2016,8,15,1,8,3,1,20,28
29,1507,2016,12,2,2,1,2,2,24,15
27,1507,2017,1,29,2,12,6,1,25,2
41,1507,2017,2,27,2,12,4,1,26,29
20,1507,2017,3,41,2,16,6,1,27,27
9,1507,2017,4,20,2,9,6,1,28,41
21,1507,2017,5,9,1,6,3,1,29,20
29,1507,2017,6,21,2,10,4,1,30,9
19,1507,2017,7,29,1,15,5,1,31,21
3,1507,2017,8,19,1,14,3,1,32,29
25,1514,2015,3,41,1,21,5,1,3,10
31,1514,2015,4,25,1,15,4,1,4,41
18,1514,2015,5,31,1,20,3,1,5,25
25,1514,2015,6,18,1,10,5,1,6,31
13,1514,2015,7,25,1,13,4,1,7,18
1,1514,2015,8,13,1,7,4,1,8,25
2,1514,2015,9,1,1,1,1,1,9,13
17,1514,2016,2,2,2,1,2,2,14,1
4,1514,2016,3,17,1,12,3,1,15,2
18,1514,2016,4,4,2,2,2,2,16,17
10,1514,2016,5,18,2,8,4,1,17,4
14,1514,2016,6,10,1,7,2,1,18,18
8,1514,2016,7,14,1,8,4,1,19,10
15,1514,2017,3,8,1,5,3,1,27,14
17,1514,2017,4,15,1,8,4,1,28,8
6,1514,2017,5,17,2,7,3,1,29,15
2,1514,2017,6,6,3,2,3,3,30,17
10,1514,2017,7,2,1,2,1,1,31,6
1,1514,2017,8,10,1,8,2,1,32,2
8503,1516,2015,2,8790,313,28,538,178,2,8834
7267,1516,2015,3,8503,274,31,470,121,3,8790
6636,1516,2015,4,7267,242,30,377,133,4,8503
8514,1516,2015,5,6636,214,31,392,110,5,7267
8084,1516,2015,6,8514,283,30,409,166,6,6636
9419,1516,2015,7,8084,260,31,372,175,7,8514
9766,1516,2015,8,9419,303,31,474,204,8,8084
9858,1516,2015,9,9766,325,30,464,185,9,9419
15,1511,2017,1,12,2,6,3,1,25,26
12,1511,2017,2,15,2,7,4,1,26,12
10,1511,2017,3,12,2,5,4,1,27,15
10,1511,2017,4,10,2,5,4,1,28,12
4,1511,2017,5,10,2,5,4,1,29,10
14,1511,2017,6,4,1,3,2,1,30,10
15,1511,2017,7,14,2,5,5,2,31,4
13,1511,2017,8,15,1,9,4,1,32,14
12,1511,2017,9,13,2,6,3,1,33,15
32,1512,2015,2,19,1,16,2,1,2,10
15,1512,2015,3,32,1,18,5,1,3,19
11,1512,2015,4,15,1,10,3,1,4,32
11,1512,2015,5,11,1,6,4,1,5,15
14,1512,2015,6,11,1,8,3,1,6,11
11,1512,2015,7,14,1,10,3,1,7,11
10,1512,2015,8,11,1,9,2,1,8,14
25,1512,2015,9,10,1,6,3,1,9,11
26,1512,2015,10,25,1,13,5,1,10,10
24,1512,2015,11,26,1,15,4,1,11,25
22,1512,2015,12,24,1,16,4,1,12,26
25,1512,2016,1,22,2,10,10,1,13,24
21,1512,2016,2,25,3,8,15,1,14,22
13,1512,2016,3,21,1,15,3,1,15,25
9,1512,2016,4,13,1,10,3,1,16,21
12,1512,2016,5,9,1,6,3,1,17,13
7,1512,2016,6,12,1,7,3,1,18,9
7,1512,2016,7,7,1,5,2,1,19,12
10,1512,2016,8,7,1,7,1,1,20,7
11,1512,2016,9,10,1,8,3,1,21,7
16,1512,2016,10,11,1,7,3,1,22,10
14,1512,2016,11,16,1,11,3,1,23,11
10,1512,2016,12,14,1,12,2,1,24,16
12,1512,2017,1,10,1,6,5,1,25,14
30,1512,2017,2,12,1,8,3,1,26,10
23,1512,2017,3,30,2,12,11,1,27,12
18,1512,2017,4,23,1,12,4,1,28,30
21,1512,2017,5,18,1,10,4,1,29,23
9,1512,2017,6,21,2,9,5,1,30,18
13,1512,2017,7,9,1,7,2,1,31,21
13,1512,2017,8,13,3,4,6,2,32,9
17,1512,2017,9,13,1,10,2,1,33,13
146,1526,2015,3,130,4,31,10,1,3,103
206,1526,2015,4,146,5,29,10,1,4,130
186,1526,2015,5,206,6,31,14,2,5,146
134,1526,2015,6,186,6,30,13,2,6,206
131,1526,2015,7,134,4,29,15,1,7,186
161,1526,2015,8,131,4,31,8,1,8,134
149,1526,2015,9,161,5,30,10,3,9,131
126,1526,2015,10,149,5,29,14,2,10,161
160,1526,2015,11,126,4,27,14,1,11,149
185,1526,2015,12,160,5,30,13,1,12,126
123,1526,2016,1,185,6,30,15,1,13,160
110,1526,2016,2,123,4,26,13,1,14,185
127,1526,2016,3,110,3,28,12,1,15,123
149,1526,2016,4,127,4,29,9,1,16,110
61,1526,2016,5,149,4,30,12,1,17,127
90,1526,2016,6,61,3,18,8,1,18,149
97,1526,2016,7,90,4,22,9,1,19,61
105,1526,2016,8,97,4,23,11,1,20,90
105,1526,2016,9,105,4,23,13,1,21,97
60,1526,2016,10,105,3,31,7,1,22,105
60,1526,2016,11,60,2,21,8,1,23,105
87,1526,2016,12,60,2,22,6,1,24,60
72,1526,2017,1,87,3,28,7,1,25,60
81,1526,2017,2,72,2,26,6,1,26,87
61,1526,2017,3,81,3,24,6,1,27,72
49,1526,2017,4,61,2,23,5,1,28,81
27,1526,2017,5,49,2,22,5,1,29,61
33,1526,2017,6,27,1,14,4,1,30,49
44,1526,2017,7,33,1,17,4,1,31,27
44,1526,2017,8,44,2,21,5,1,32,33
27,1526,2017,9,44,2,22,4,1,33,44
190,1527,2015,2,222,7,28,18,2,2,281
199,1527,2015,3,190,6,31,16,1,3,222
211,1527,2015,4,199,6,29,13,2,4,190
195,1527,2015,5,211,7,30,14,1,5,199
211,1527,2015,6,195,6,30,14,3,6,211
224,1527,2015,7,211,6,31,14,1,7,195
221,1527,2015,8,224,7,31,13,2,8,211
188,1527,2015,9,221,7,30,13,1,9,224
250,1527,2015,10,188,6,30,13,1,10,221
302,1527,2015,11,250,8,29,19,3,11,188
321,1527,2015,12,302,10,30,16,3,12,250
334,1527,2016,1,321,10,31,18,2,13,302
383,1527,2016,2,334,12,27,23,3,14,321
409,1527,2016,3,383,12,31,23,5,15,334
4,1534,2015,10,1,1,1,1,1,10,1
6,1534,2015,11,4,1,4,1,1,11,1
6,1534,2015,12,6,1,5,2,1,12,4
7,1534,2016,1,6,1,6,1,1,13,6
1,1534,2016,2,7,3,2,6,1,14,6
22,1534,2016,10,1,1,1,1,1,22,7
7,1534,2016,12,22,1,12,4,1,24,1
48,1534,2017,1,7,2,3,4,1,25,22
2,1534,2017,2,48,4,11,14,1,26,7
9,1535,2015,2,27,2,12,5,1,2,26
8,1535,2015,3,9,1,5,2,1,3,27
29,1535,2015,4,8,1,7,2,1,4,9
19,1535,2015,5,29,1,17,3,1,5,8
13,1535,2015,6,19,1,14,2,1,6,29
19,1535,2015,7,13,1,10,2,1,7,19
19,1535,2015,8,19,1,13,4,1,8,13
48,1535,2015,9,19,1,10,3,1,9,19
38,1535,2015,10,48,1,27,5,1,10,19
78,1535,2015,11,38,2,19,5,1,11,48
83,1535,2015,12,78,3,26,8,1,12,38
63,1535,2016,1,83,3,26,11,1,13,78
32,1535,2016,2,63,2,24,12,1,14,83
4,1535,2016,3,32,1,18,4,1,15,63
10,1535,2016,4,4,1,3,2,1,16,32
1,1535,2016,5,10,1,6,2,1,17,4
37,1535,2016,10,1,1,1,1,1,22,10
51,1535,2016,11,37,2,18,5,1,23,1
14,1535,2016,12,51,3,16,14,1,24,37
53,1535,2017,7,14,2,7,4,1,31,51
53,1535,2017,8,53,1,28,4,1,32,14
56,1535,2017,9,53,2,21,6,1,33,53
3371,1536,2015,2,2918,104,28,156,72,2,3436
3404,1536,2015,3,3371,108,31,145,75,3,2918
3310,1536,2015,4,3404,113,30,294,64,4,3371
3919,1536,2015,5,3310,106,31,161,78,5,3404
3854,1536,2015,6,3919,130,30,197,92,6,3310
3976,1536,2015,7,3854,124,31,189,90,7,3919
3418,1536,2015,8,3976,128,31,190,82,8,3854
3081,1536,2015,9,3418,113,30,197,66,9,3976
2949,1536,2015,10,3081,99,31,152,49,10,3418
3103,1536,2015,11,2949,98,30,153,63,11,3081
2986,1536,2015,12,3103,103,30,145,78,12,2949
2626,1536,2016,1,2986,96,31,136,62,13,3103
2874,1536,2016,2,2626,93,28,132,69,14,2986
1790,1536,2016,3,2874,92,31,230,53,15,2626
1286,1536,2016,4,1790,59,30,118,3,16,2874
2987,1536,2016,5,1286,53,24,102,4,17,1790
2969,1536,2016,6,2987,99,30,137,63,18,1286
2216,1536,2016,7,2969,95,31,147,61,19,2987
1009,1536,2016,8,2216,92,24,178,63,20,2969
1401,1536,2016,9,1009,43,23,99,5,21,2216
1736,1536,2016,10,1401,45,31,89,3,22,1009
2102,1536,2016,11,1736,57,30,102,7,23,1401
2017,1536,2016,12,2102,70,30,115,33,24,1736
1598,1536,2017,1,2017,65,31,122,40,25,2102
1855,1536,2017,2,1598,57,28,104,29,26,2017
1612,1536,2017,3,1855,59,31,111,30,27,1598
1047,1536,2017,4,1612,53,30,232,1,28,1855
1864,1536,2017,5,1047,65,16,103,7,29,1612
2347,1536,2017,6,1864,62,30,133,6,30,1047
2220,1536,2017,7,2347,75,31,119,43,31,1864
1323,1536,2017,8,2220,71,31,137,34,32,2347
1261,1536,2017,9,1323,57,23,102,32,33,2220
3576,1537,2015,2,3937,140,28,243,77,2,5084
3464,1537,2015,3,3576,115,31,176,65,3,3937
3977,1537,2015,4,3464,115,30,184,69,4,3576
3751,1537,2015,5,3977,128,31,207,72,5,3464
3962,1537,2015,6,3751,125,30,169,69,6,3977
4048,1537,2015,7,3962,127,31,176,86,7,3751
4047,1537,2015,8,4048,130,31,227,78,8,3962
4339,1537,2015,9,4047,134,30,210,81,9,4048
4297,1537,2015,10,4339,139,31,200,82,10,4047
4614,1537,2015,11,4297,143,30,221,49,11,4339
4540,1537,2015,12,4614,153,30,212,98,12,4297
4398,1537,2016,1,4540,146,31,253,86,13,4614
4598,1537,2016,2,4398,157,28,253,87,14,4540
3136,1537,2016,3,4598,148,31,286,99,15,4398
3539,1537,2016,4,3136,104,30,260,23,16,4598
4163,1537,2016,5,3539,114,31,200,51,17,3136
4185,1537,2016,6,4163,138,30,209,93,18,3539
3849,1537,2016,7,4185,135,31,222,63,19,4163
3191,1537,2016,8,3849,124,31,278,37,20,4185
2830,1537,2016,9,3191,110,29,221,14,21,3849
3809,1537,2016,10,2830,91,31,172,33,22,3191
4184,1537,2016,11,3809,126,30,198,32,23,2830
3262,1537,2016,12,4184,139,30,246,39,24,3809
271,1538,2017,7,174,6,26,12,2,31,232
242,1538,2017,8,271,9,29,18,4,32,174
219,1538,2017,9,242,8,30,15,3,33,271
1,1540,2015,2,3,1,2,2,1,2,17
3,1540,2015,3,1,1,1,1,1,3,3
1,1540,2015,7,3,3,1,3,3,7,1
11,1540,2015,9,1,1,1,1,1,9,3
14,1540,2015,10,11,1,6,3,1,10,1
42,1540,2015,11,14,1,9,3,1,11,11
18,1540,2015,12,42,1,24,5,1,12,14
20,1540,2016,1,18,2,9,6,1,13,42
1,1540,2016,2,20,6,3,15,1,14,18
5,1540,2016,9,1,1,1,1,1,21,20
9,1540,2016,10,5,1,3,3,1,22,1
72,1540,2016,11,9,1,7,2,1,23,5
6,1540,2016,12,72,4,15,14,1,24,9
19,1540,2017,1,6,1,4,3,1,25,72
3,1540,2017,2,19,2,9,5,1,26,6
9,1540,2017,9,3,1,2,2,1,33,19
133,1547,2016,10,275,9,28,24,1,22,57
123,1547,2016,11,133,8,15,24,1,23,275
138,1547,2016,12,123,9,13,20,4,24,133
172,1547,2017,1,138,6,21,12,1,25,123
171,1547,2017,2,172,6,27,12,1,26,138
139,1547,2017,3,171,6,26,13,2,27,172
179,1547,2017,4,139,4,28,12,1,28,171
239,1547,2017,5,179,5,30,12,2,29,139
104,1547,2017,6,239,8,29,17,3,30,179
438,1547,2017,7,104,10,10,21,2,31,239
132,1547,2017,8,438,18,24,41,7,32,104
109,1547,2017,9,132,6,19,14,1,33,438
1,1549,2015,2,54,3,14,11,1,2,51
18,1549,2015,9,1,1,1,1,1,9,54
21,1549,2015,10,18,3,6,6,1,10,1
103,1549,2015,11,21,2,9,6,1,11,18
34,1549,2015,12,103,5,20,20,1,12,21
83,1549,2016,1,34,2,17,5,1,13,103
1,1549,2016,2,83,5,15,25,1,14,34
1,1549,2016,3,1,1,1,1,1,15,83
7,1549,2016,9,1,1,1,1,1,21,1
23,1549,2016,10,7,1,6,2,1,22,1
128,1549,2016,11,23,2,11,6,1,23,7
60,1549,2016,12,128,5,25,39,1,24,23
36,1549,2017,1,60,3,17,29,1,25,128
6,1549,2017,2,36,3,11,12,1,26,60
108,1556,2015,2,127,5,23,16,2,2,138
97,1556,2015,3,108,3,28,12,1,3,127
70,1556,2015,4,97,3,25,10,1,4,108
76,1556,2015,5,70,3,23,6,1,5,97
51,1556,2015,6,76,3,20,10,1,6,70
65,1556,2015,7,51,2,19,5,1,7,76
9,1556,2015,8,65,3,21,8,1,8,51
13,1556,2015,9,9,9,1,9,9,9,65
95,1556,2015,12,13,2,5,4,2,12,9
53,1556,2016,1,95,4,23,9,1,13,13
79,1556,2016,2,53,3,14,8,1,14,95
48,1556,2016,3,79,4,19,10,1,15,53
56,1556,2016,4,48,3,16,7,1,16,79
28,1556,2016,5,56,2,20,10,1,17,48
23,1556,2016,6,28,2,12,6,1,18,56
21,1556,2016,7,23,1,15,3,1,19,28
1,1556,2016,8,21,1,11,4,1,20,23
8,1556,2016,9,1,1,1,1,1,21,21
134,1556,2016,12,8,2,3,3,2,24,1
81,1556,2017,1,134,4,29,9,1,25,8
54,1556,2017,2,81,4,19,10,1,26,134
61,1556,2017,3,54,2,20,7,1,27,81
38,1556,2017,4,61,3,20,6,1,28,54
42,1556,2017,5,38,2,16,5,1,29,61
13,1556,2017,6,42,2,17,6,1,30,38
18,1556,2017,7,13,1,8,3,1,31,42
1,1556,2017,8,18,1,11,4,1,32,13
50,1558,2015,2,61,2,21,12,1,2,61
43,1558,2015,3,50,3,16,8,1,3,61
48,1558,2015,4,43,2,15,10,1,4,50
64,1558,2015,5,48,2,18,11,1,5,43
95,1558,2015,6,64,3,21,9,1,6,48
84,1558,2015,7,95,4,21,10,1,7,64
19,1558,2015,8,84,4,21,11,1,8,95
57,1558,2015,9,19,9,2,11,8,9,84
52,1558,2015,12,57,3,19,8,1,12,19
49,1558,2016,1,52,2,19,8,1,13,57
61,1558,2016,2,49,3,15,10,1,14,52
342,1527,2016,4,409,13,30,22,6,16,383
353,1527,2016,5,342,14,24,27,2,17,409
349,1527,2016,6,353,15,23,24,3,18,342
483,1527,2016,7,349,14,24,24,8,19,353
418,1527,2016,8,483,15,31,29,4,20,349
410,1527,2016,9,418,13,30,22,5,21,483
360,1527,2016,10,410,13,31,30,4,22,418
364,1527,2016,11,360,12,30,26,2,23,410
363,1527,2016,12,364,12,30,24,1,24,360
307,1527,2017,1,363,12,30,30,2,25,364
304,1527,2017,2,307,10,28,20,1,26,363
241,1527,2017,3,304,9,31,16,4,27,307
258,1527,2017,4,241,10,23,18,3,28,304
33,1527,2017,5,258,12,20,25,4,29,241
381,1527,2017,6,33,16,2,22,11,30,258
559,1527,2017,7,381,16,23,25,10,31,33
628,1527,2017,8,559,18,31,39,1,32,381
778,1527,2017,9,628,20,30,41,7,33,559
149,1528,2015,2,135,4,28,10,1,2,86
146,1528,2015,3,149,4,31,13,1,3,135
104,1528,2015,4,146,5,29,11,1,4,149
106,1528,2015,5,104,3,27,7,1,5,146
125,1528,2015,6,106,3,27,8,2,6,104
123,1528,2015,7,125,4,31,9,1,7,106
101,1528,2015,8,123,4,29,10,1,8,125
100,1528,2015,9,101,3,28,8,1,9,123
143,1528,2015,10,100,3,28,8,1,10,101
243,1528,2015,11,143,4,29,9,1,11,100
177,1528,2015,12,243,8,30,16,2,12,143
172,1528,2016,1,177,5,31,12,1,13,243
151,1528,2016,2,172,6,27,23,1,14,177
211,1528,2016,3,151,5,29,12,2,15,172
198,1528,2016,4,211,7,30,16,2,16,151
161,1528,2016,5,198,6,31,17,2,17,211
179,1528,2016,6,161,8,20,15,3,18,198
135,1528,2016,7,179,9,18,17,7,19,161
161,1528,2016,8,135,7,19,13,2,20,179
112,1528,2016,9,161,7,23,15,1,21,135
62,1528,2016,10,112,3,30,8,1,22,161
126,1528,2016,11,62,4,15,7,1,23,112
132,1528,2016,12,126,5,24,13,1,24,62
133,1528,2017,1,132,4,29,12,1,25,126
147,1528,2017,2,133,4,28,10,1,26,132
148,1528,2017,3,147,5,26,12,1,27,133
137,1528,2017,4,148,5,28,12,1,28,147
142,1528,2017,5,137,4,31,11,1,29,148
69,1528,2017,6,142,4,30,9,1,30,137
326,1528,2017,7,69,7,9,21,1,31,142
143,1528,2017,8,326,13,24,40,2,32,69
110,1528,2017,9,143,4,29,9,1,33,326
19,1529,2015,2,18,1,13,3,1,2,19
25,1529,2015,3,19,1,13,2,1,3,18
23,1529,2015,4,25,1,17,4,1,4,19
29,1529,2015,5,23,1,15,3,1,5,25
29,1529,2015,6,29,1,19,3,1,6,23
25,1529,2015,7,29,1,20,4,1,7,29
23,1529,2015,8,25,1,22,2,1,8,29
23,1529,2015,9,23,1,16,3,1,9,25
25,1529,2015,10,23,1,20,2,1,10,23
32,1529,2015,11,25,1,18,2,1,11,23
30,1529,2015,12,32,1,18,4,1,12,25
40,1529,2016,1,30,1,18,3,1,13,32
50,1529,2016,2,40,2,20,4,1,14,30
53,1529,2016,3,50,2,22,5,1,15,40
41,1529,2016,4,53,2,24,6,1,16,50
33,1529,2016,5,41,2,18,4,1,17,53
62,1529,2016,6,33,1,19,4,1,18,41
67,1529,2016,7,62,2,26,7,1,19,33
32,1529,2016,8,67,2,29,5,1,20,62
35,1529,2016,9,32,2,16,4,1,21,67
36,1529,2016,10,35,1,20,4,1,22,32
31,1529,2016,11,36,1,19,5,1,23,35
31,1529,2016,12,31,1,19,3,1,24,36
263,1542,2015,2,242,8,28,17,3,2,16
277,1542,2015,3,263,8,31,15,4,3,242
281,1542,2015,4,277,9,30,16,3,4,263
272,1542,2015,5,281,9,31,17,3,5,277
297,1542,2015,6,272,9,30,15,4,6,281
266,1542,2015,7,297,9,31,18,1,7,272
112,1542,2015,8,266,8,31,17,3,8,297
266,1542,2015,9,112,7,15,15,1,9,266
174,1542,2015,10,266,8,31,14,3,10,112
214,1542,2015,11,174,6,27,10,3,11,266
206,1542,2015,12,214,7,30,12,2,12,174
276,1542,2016,1,206,6,30,14,1,13,214
291,1542,2016,2,276,10,26,19,3,14,206
42,1558,2016,3,61,4,15,17,1,15,49
45,1558,2016,4,42,2,16,8,1,16,61
38,1558,2016,5,45,2,19,8,1,17,42
32,1558,2016,6,38,2,15,9,1,18,45
30,1558,2016,7,32,2,15,5,1,19,38
4,1558,2016,8,30,4,7,8,2,20,32
17,1558,2016,9,4,4,1,4,4,21,30
20,1558,2017,3,17,1,9,3,1,27,4
9,1558,2017,4,20,2,8,6,1,28,17
32,1558,2017,5,9,1,7,2,1,29,20
11,1558,2017,6,32,2,13,9,1,30,9
13,1563,2015,7,45,2,18,7,1,7,35
18,1563,2015,8,13,3,4,4,2,8,45
127,1563,2016,2,18,2,7,5,1,14,13
71,1563,2016,3,127,5,24,27,1,15,18
75,1563,2016,4,71,3,19,9,1,16,127
56,1563,2016,5,75,2,26,17,1,17,71
26,1563,2016,6,56,2,21,7,1,18,75
79,1563,2016,7,26,1,17,3,1,19,56
400,1563,2017,2,79,7,10,26,3,26,26
337,1563,2017,3,400,12,31,47,1,27,79
190,1563,2017,4,337,11,30,23,5,28,400
85,1563,2017,5,190,6,29,20,1,29,337
44,1563,2017,6,85,4,19,15,1,30,190
20,1563,2017,7,44,2,18,7,1,31,85
21,1565,2015,2,19,1,10,4,1,2,19
14,1565,2015,3,21,1,15,3,1,3,19
16,1565,2015,4,14,1,12,2,1,4,21
24,1565,2015,5,16,1,12,3,1,5,14
12,1565,2015,6,24,1,16,4,1,6,16
13,1565,2015,7,12,1,10,2,1,7,24
20,1565,2015,8,13,1,11,2,1,8,12
18,1565,2015,9,20,1,16,3,1,9,13
15,1565,2015,10,18,1,12,3,1,10,20
14,1565,2015,11,15,1,10,2,1,11,18
15,1565,2015,12,14,1,11,2,1,12,15
21,1565,2016,1,15,1,11,3,1,13,14
16,1565,2016,2,21,1,14,3,1,14,15
10,1565,2016,3,16,1,13,3,1,15,21
15,1565,2016,4,10,1,8,2,1,16,16
20,1565,2016,5,15,1,10,3,1,17,10
21,1565,2016,6,20,1,11,3,1,18,15
12,1565,2016,7,21,1,13,4,1,19,20
25,1565,2016,8,12,1,9,3,1,20,21
21,1565,2016,9,25,1,16,4,1,21,12
14,1565,2016,10,21,1,12,3,1,22,25
11,1565,2016,11,14,1,8,3,1,23,21
3,1565,2016,12,11,1,8,3,1,24,14
4,1565,2017,1,3,1,3,1,1,25,11
10,1565,2017,2,4,1,3,2,1,26,3
9,1565,2017,3,10,1,8,2,1,27,4
10,1565,2017,4,9,1,7,2,1,28,10
6,1565,2017,5,10,1,9,2,1,29,9
13,1565,2017,6,6,1,6,1,1,30,10
6,1565,2017,7,13,1,12,2,1,31,6
9,1565,2017,8,6,1,5,2,1,32,13
7,1565,2017,9,9,1,9,1,1,33,6
17,1572,2015,2,8,1,7,2,1,2,1
13,1572,2015,3,17,1,13,2,1,3,8
15,1572,2015,4,13,1,11,2,1,4,17
18,1572,2015,5,15,1,14,2,1,5,13
15,1572,2015,6,18,1,14,2,1,6,15
28,1572,2015,7,15,1,13,2,1,7,18
20,1572,2015,8,28,1,19,3,1,8,15
21,1572,2015,9,20,1,15,3,1,9,28
26,1572,2015,10,21,1,17,3,1,10,20
33,1572,2015,11,26,1,20,3,1,11,21
30,1572,2015,12,33,1,19,5,1,12,26
17,1572,2016,1,30,1,21,3,1,13,33
17,1572,2016,2,17,1,13,2,1,14,30
19,1572,2016,3,17,1,14,3,1,15,17
12,1572,2016,4,19,1,14,2,1,16,17
7,1572,2016,5,12,1,12,1,1,17,19
16,1572,2016,6,7,1,5,3,1,18,12
10,1572,2016,7,16,1,13,2,1,19,7
11,1572,2016,8,10,1,8,2,1,20,16
12,1572,2016,9,11,1,8,2,1,21,10
14,1572,2016,10,12,1,10,3,1,22,11
39,1572,2016,11,14,1,12,2,1,23,12
16,1572,2016,12,39,2,16,8,1,24,14
12,1572,2017,1,16,1,12,2,1,25,39
13,1572,2017,2,12,1,10,3,1,26,16
8,1572,2017,3,13,1,8,4,1,27,12
9,1572,2017,4,8,1,6,2,1,28,13
4,1572,2017,5,9,1,8,2,1,29,8
3,1572,2017,6,4,1,4,1,1,30,9
289,1542,2016,3,291,9,31,19,3,15,276
250,1542,2016,4,289,9,30,18,4,16,291
186,1542,2016,5,250,10,24,18,3,17,289
72,1542,2016,6,186,9,19,15,3,18,250
1872,1543,2015,2,2063,73,28,116,38,2,2484
1824,1543,2015,3,1872,60,31,94,35,3,2063
1535,1543,2015,4,1824,60,30,171,35,4,1872
1669,1543,2015,5,1535,49,31,82,31,5,1824
1545,1543,2015,6,1669,55,30,76,37,6,1535
1505,1543,2015,7,1545,49,31,69,32,7,1669
1324,1543,2015,8,1505,48,31,94,13,8,1545
1215,1543,2015,9,1324,44,30,85,23,9,1505
1106,1543,2015,10,1215,39,31,63,20,10,1324
692,1543,2015,11,1106,36,30,61,7,11,1215
791,1543,2015,12,692,23,30,67,3,12,1106
1081,1543,2016,1,791,26,30,59,1,13,692
1606,1543,2016,2,1081,38,28,70,3,14,791
1528,1543,2016,3,1606,51,31,81,28,15,1081
1271,1543,2016,4,1528,50,30,80,28,16,1606
1419,1543,2016,5,1271,52,24,79,27,17,1528
1354,1543,2016,6,1419,61,23,74,34,18,1271
1850,1543,2016,7,1354,56,24,80,35,19,1419
1801,1543,2016,8,1850,59,31,89,39,20,1354
1745,1543,2016,9,1801,60,30,81,28,21,1850
1541,1543,2016,10,1745,56,31,83,34,22,1801
1857,1543,2016,11,1541,51,30,75,21,23,1745
1881,1543,2016,12,1857,61,30,105,44,24,1541
1562,1543,2017,1,1881,60,31,93,7,25,1857
1282,1543,2017,2,1562,55,28,83,26,26,1881
736,1543,2017,3,1282,41,31,65,21,27,1562
813,1543,2017,4,736,32,23,51,10,28,1282
77,1543,2017,5,813,38,21,59,22,29,736
940,1543,2017,6,77,38,2,44,33,30,813
1186,1543,2017,7,940,42,22,63,1,31,77
774,1543,2017,8,1186,38,31,71,2,32,940
628,1543,2017,9,774,25,30,50,9,33,1186
20723,1544,2015,2,20079,717,28,1154,471,2,22206
21107,1544,2015,3,20723,668,31,956,455,3,20079
21651,1544,2015,4,21107,703,30,1122,446,4,20723
22768,1544,2015,5,21651,698,31,1021,389,5,21107
23700,1544,2015,6,22768,758,30,1011,546,6,21651
23623,1544,2015,7,23700,764,31,1173,560,7,22768
20926,1544,2015,8,23623,762,31,1262,524,8,23700
20426,1544,2015,9,20926,697,30,1137,459,9,23623
19611,1544,2015,10,20426,658,31,984,394,10,20926
21521,1544,2015,11,19611,653,30,957,309,11,20426
21483,1544,2015,12,21521,717,30,1083,525,12,19611
19525,1544,2016,1,21483,693,31,1076,468,13,21521
20150,1544,2016,2,19525,697,28,1104,429,14,21483
12716,1544,2016,3,20150,650,31,889,455,15,19525
14529,1544,2016,4,12716,423,30,700,199,16,20150
15512,1544,2016,5,14529,468,31,841,38,17,12716
16626,1544,2016,6,15512,517,30,764,204,18,14529
13332,1544,2016,7,16626,536,31,885,160,19,15512
15266,1544,2016,8,13332,430,31,778,85,20,16626
13768,1544,2016,9,15266,508,30,1003,128,21,13332
15005,1544,2016,10,13768,444,31,763,144,22,15266
13879,1544,2016,11,15005,500,30,941,179,23,13768
15494,1544,2016,12,13879,462,30,885,47,24,15005
10620,1544,2017,1,15494,499,31,857,144,25,13879
13869,1544,2017,2,10620,379,28,865,43,26,15494
14721,1544,2017,3,13869,447,31,671,187,27,10620
11111,1544,2017,4,14721,490,30,763,287,28,13869
12150,1544,2017,5,11111,358,31,685,86,29,14721
11708,1544,2017,6,12150,405,30,579,135,30,11111
14484,1544,2017,7,11708,377,31,790,98,31,12150
12521,1544,2017,8,14484,467,31,817,132,32,11708
10383,1544,2017,9,12521,417,30,694,105,33,14484
35195,1545,2015,2,33583,1199,28,1874,679,2,37272
34540,1545,2015,3,35195,1135,31,1547,871,3,33583
35591,1545,2015,4,34540,1151,30,1864,798,4,35195
37525,1545,2015,5,35591,1148,31,1484,915,5,34540
37670,1545,2015,6,37525,1250,30,1896,947,6,35591
37329,1545,2015,7,37670,1215,31,1847,968,7,37525
35118,1545,2015,8,37329,1204,31,1856,783,8,37670
33573,1545,2015,9,35118,1170,30,1730,798,9,37329
33064,1545,2015,10,33573,1083,31,1504,771,10,35118
36745,1545,2015,11,33064,1102,30,1581,372,11,33573
36752,1545,2015,12,36745,1224,30,1849,931,12,33064
31943,1545,2016,1,36752,1185,31,1660,842,13,36745
32990,1545,2016,2,31943,1140,28,1773,671,14,36752
24665,1545,2016,3,32990,1064,31,1461,785,15,31943
27290,1545,2016,4,24665,822,30,1421,531,16,32990
26440,1545,2016,5,27290,880,31,1706,275,17,24665
28881,1545,2016,6,26440,881,30,1365,351,18,27290
28917,1545,2016,7,28881,931,31,1521,425,19,26440
6949,1516,2015,10,9858,318,31,543,142,10,9766
9390,1516,2015,11,6949,231,30,382,41,11,9858
11025,1516,2015,12,9390,313,30,461,200,12,6949
8618,1516,2016,1,11025,355,31,723,158,13,9390
7368,1516,2016,2,8618,307,28,555,141,14,11025
5416,1516,2016,3,7368,237,31,378,138,15,8618
4535,1516,2016,4,5416,180,30,315,45,16,7368
4147,1516,2016,5,4535,146,31,267,58,17,5416
5846,1516,2016,6,4147,138,30,255,48,18,4535
6076,1516,2016,7,5846,188,31,327,74,19,4147
6044,1516,2016,8,6076,196,31,350,108,20,5846
5806,1516,2016,9,6044,201,30,436,80,21,6076
5533,1516,2016,10,5806,187,31,352,84,22,6044
6085,1516,2016,11,5533,184,30,303,22,23,5806
4103,1516,2016,12,6085,202,30,320,12,24,5533
5261,1516,2017,1,4103,132,31,286,7,25,6085
5037,1516,2017,2,5261,187,28,403,72,26,4103
3890,1516,2017,3,5037,162,31,339,35,27,5261
4423,1516,2017,4,3890,129,30,258,59,28,5037
4773,1516,2017,5,4423,142,31,302,44,29,3890
5110,1516,2017,6,4773,159,30,253,72,30,4423
6171,1516,2017,7,5110,164,31,253,91,31,4773
4066,1516,2017,8,6171,199,31,341,106,32,5110
5429,1516,2017,9,4066,135,30,283,50,33,6171
54,1521,2015,2,66,2,25,5,1,2,59
57,1521,2015,3,54,2,26,5,1,3,66
63,1521,2015,4,57,2,24,5,1,4,54
61,1521,2015,5,63,2,24,5,1,5,57
67,1521,2015,6,61,2,26,5,1,6,63
86,1521,2015,7,67,2,26,6,1,7,61
75,1521,2015,8,86,3,27,6,1,8,67
80,1521,2015,9,75,3,24,5,1,9,86
81,1521,2015,10,80,2,29,8,1,10,75
86,1521,2015,11,81,2,30,8,1,11,80
86,1521,2015,12,86,3,27,7,1,12,81
97,1521,2016,1,86,2,29,8,1,13,86
143,1521,2016,2,97,3,28,7,1,14,86
49,1521,2016,3,143,4,30,11,1,15,97
68,1521,2016,4,49,2,19,5,1,16,143
28,1521,2016,5,68,2,23,7,1,17,49
43,1521,2016,6,28,1,15,6,1,18,68
72,1521,2016,7,43,2,17,5,1,19,28
49,1521,2016,8,72,2,26,9,1,20,43
76,1521,2016,9,49,2,21,6,1,21,72
49,1521,2016,10,76,2,26,8,1,22,49
63,1521,2016,11,49,2,20,6,1,23,76
41,1521,2016,12,63,2,27,6,1,24,49
956,1523,2015,2,860,30,28,54,15,2,917
955,1523,2015,3,956,30,31,46,19,3,860
940,1523,2015,4,955,31,30,61,15,4,956
1026,1523,2015,5,940,30,31,66,12,5,955
1054,1523,2015,6,1026,34,30,59,17,6,940
1058,1523,2015,7,1054,34,31,56,17,7,1026
1050,1523,2015,8,1058,34,31,60,19,8,1054
1179,1523,2015,9,1050,35,30,59,17,9,1058
1093,1523,2015,10,1179,38,31,60,22,10,1050
1156,1523,2015,11,1093,36,30,53,23,11,1179
1227,1523,2015,12,1156,38,30,65,23,12,1093
902,1523,2016,1,1227,39,31,64,28,13,1156
981,1523,2016,2,902,32,28,59,20,14,1227
614,1523,2016,3,981,31,31,55,19,15,902
497,1523,2016,4,614,24,25,59,6,16,981
1056,1523,2016,5,497,29,17,59,7,17,614
1146,1523,2016,6,1056,35,30,52,20,18,497
1161,1523,2016,7,1146,36,31,57,21,19,1056
590,1523,2016,8,1161,37,31,89,6,20,1146
714,1523,2016,9,590,25,23,71,6,21,1161
1018,1523,2016,10,714,37,19,62,23,22,590
1353,1523,2016,11,1018,37,27,76,21,23,714
1393,1523,2016,12,1353,45,30,72,30,24,1018
1126,1523,2017,1,1393,44,31,65,26,25,1353
1263,1523,2017,2,1126,40,28,63,17,26,1393
985,1523,2017,3,1263,40,31,79,18,27,1126
607,1523,2017,4,985,42,23,92,26,28,1263
955,1523,2017,5,607,37,16,57,15,29,985
1242,1523,2017,6,955,41,23,67,21,30,607
1380,1523,2017,7,1242,40,31,68,18,31,955
933,1523,2017,8,1380,44,31,84,26,32,1242
1002,1523,2017,9,933,40,23,71,26,33,1380
5463,1525,2015,2,5772,206,28,320,145,2,6011
5255,1525,2015,3,5463,176,31,271,95,3,5772
5451,1525,2015,4,5255,175,30,281,96,4,5463
5637,1525,2015,5,5451,175,31,296,126,5,5255
5405,1525,2015,6,5637,187,30,282,113,6,5451
5396,1525,2015,7,5405,174,31,242,101,7,5637
5331,1525,2015,8,5396,174,31,259,84,8,5405
23315,1545,2016,8,28917,932,31,1642,292,20,28881
28275,1545,2016,9,23315,777,30,1506,226,21,28917
30566,1545,2016,10,28275,912,31,1358,269,22,23315
29903,1545,2016,11,30566,1018,30,1587,274,23,28275
30562,1545,2016,12,29903,964,31,1657,1,24,30566
25437,1545,2017,1,30562,985,31,1344,698,25,29903
28214,1545,2017,2,25437,908,28,1670,598,26,30562
26433,1545,2017,3,28214,910,31,1704,650,27,25437
20204,1545,2017,4,26433,881,30,1263,657,28,28214
21799,1545,2017,5,20204,651,31,1082,244,29,26433
17621,1545,2017,6,21799,726,30,1130,273,30,20204
21878,1545,2017,7,17621,568,31,1216,70,31,21799
18620,1545,2017,8,21878,705,31,1201,98,32,17621
17201,1545,2017,9,18620,620,30,1065,166,33,21878
31,1559,2015,2,26,1,18,3,1,2,24
32,1559,2015,3,31,1,20,3,1,3,26
29,1559,2015,4,32,1,23,3,1,4,31
27,1559,2015,5,29,1,20,2,1,5,32
34,1559,2015,6,27,1,18,3,1,6,29
25,1559,2015,7,34,1,20,3,1,7,27
22,1559,2015,8,25,1,16,3,1,8,34
35,1559,2015,9,22,1,17,3,1,9,25
30,1559,2015,10,35,1,21,4,1,10,22
26,1559,2015,11,30,1,22,4,1,11,35
32,1559,2015,12,26,1,16,3,1,12,30
32,1559,2016,1,32,1,19,5,1,13,26
34,1559,2016,2,32,1,18,3,1,14,32
29,1559,2016,3,34,1,23,3,1,15,32
12,1559,2016,4,29,1,17,3,1,16,34
26,1559,2016,5,12,1,8,2,1,17,29
23,1559,2016,6,26,1,17,3,1,18,12
25,1559,2016,7,23,1,14,3,1,19,26
12,1559,2016,8,25,1,17,3,1,20,23
10,1559,2016,9,12,1,10,3,1,21,25
13,1559,2016,10,10,1,9,2,1,22,12
25,1559,2016,11,13,1,9,3,1,23,10
24,1559,2016,12,25,1,16,3,1,24,13
21,1559,2017,1,24,1,17,3,1,25,25
26,1559,2017,2,21,1,13,3,1,26,24
17,1559,2017,3,26,1,20,3,1,27,21
12,1559,2017,4,17,1,11,3,1,28,26
11,1559,2017,5,12,1,7,4,1,29,17
13,1559,2017,6,11,1,9,2,1,30,12
20,1559,2017,7,13,1,12,2,1,31,11
11,1559,2017,8,20,1,14,3,1,32,13
12,1559,2017,9,11,1,9,2,1,33,20
18,1560,2015,2,18,1,13,4,1,2,33
21,1560,2015,3,18,1,13,4,1,3,18
23,1560,2015,4,21,1,14,2,1,4,18
22,1560,2015,5,23,1,15,5,1,5,21
11,1560,2015,6,22,1,17,2,1,6,23
25,1560,2015,7,11,1,8,3,1,7,22
36,1560,2015,8,25,1,17,3,1,8,11
30,1560,2015,9,36,2,18,5,1,9,25
25,1560,2015,10,30,2,15,4,1,10,36
18,1560,2015,11,25,1,19,4,1,11,30
25,1560,2015,12,18,1,12,3,1,12,25
25,1560,2016,1,25,1,17,3,1,13,18
30,1560,2016,2,25,1,17,3,1,14,25
29,1560,2016,3,30,1,17,4,1,15,25
15,1560,2016,4,29,1,18,4,1,16,30
28,1560,2016,5,15,1,10,3,1,17,29
21,1560,2016,6,28,1,17,4,1,18,15
20,1560,2016,7,21,1,11,4,1,19,28
25,1560,2016,8,20,1,15,2,1,20,21
23,1560,2016,9,25,1,19,2,1,21,20
23,1560,2016,10,23,1,18,3,1,22,25
22,1560,2016,11,23,1,15,4,1,23,23
23,1560,2016,12,22,1,16,3,1,24,23
14,1560,2017,1,23,1,14,4,1,25,22
16,1560,2017,2,14,1,11,3,1,26,23
7,1560,2017,3,16,1,13,2,1,27,14
9,1560,2017,4,7,1,7,1,1,28,16
12,1560,2017,5,9,1,7,3,1,29,7
20,1560,2017,7,12,1,10,3,1,31,9
26,1560,2017,8,20,1,12,3,1,32,12
17,1560,2017,9,26,1,14,4,1,33,20
86,1561,2015,2,117,4,28,8,1,2,150
54,1561,2015,3,86,2,29,6,1,3,117
72,1561,2015,4,54,2,23,10,1,4,86
108,1561,2015,5,72,2,28,6,1,5,54
79,1561,2015,6,108,4,23,14,1,6,72
113,1561,2015,7,79,3,26,7,1,7,108
11,1561,2015,8,113,4,26,13,1,8,79
16,1561,2015,9,11,2,5,4,1,9,113
142,1561,2015,12,16,3,5,8,1,12,11
1,1572,2017,7,3,1,3,1,1,31,4
3,1572,2017,8,1,1,1,1,1,32,3
69,1574,2015,3,73,3,20,8,1,3,68
73,1574,2015,4,69,3,22,10,1,4,73
68,1574,2015,5,73,3,24,11,1,5,69
52,1574,2015,6,68,3,22,7,1,6,73
61,1574,2015,7,52,2,19,7,1,7,68
20,1574,2015,8,61,2,25,9,1,8,52
3,1574,2015,9,20,2,9,5,1,9,61
101,1574,2016,2,3,1,2,2,1,14,20
18,1574,2016,3,101,3,29,9,1,15,3
23,1574,2016,4,18,2,8,5,1,16,101
18,1574,2016,5,23,2,10,5,1,17,18
12,1574,2016,6,18,2,8,5,1,18,23
2,1574,2016,7,12,2,5,5,1,19,18
27,1574,2016,8,2,2,1,2,2,20,12
37,1574,2017,3,27,1,15,4,1,27,2
3,1574,2017,4,37,1,19,5,1,28,27
24,1574,2017,5,3,1,3,1,1,29,37
22,1574,2017,6,24,1,14,4,1,30,3
43,1574,2017,7,22,2,10,5,1,31,24
3,1574,2017,8,43,2,20,10,1,32,22
468,1581,2015,2,423,15,28,26,7,2,437
487,1581,2015,3,468,15,31,25,6,3,423
503,1581,2015,4,487,16,30,29,4,4,468
428,1581,2015,5,503,16,31,25,7,5,487
345,1581,2015,6,428,14,30,25,4,6,503
311,1581,2015,7,345,11,31,19,2,7,428
253,1581,2015,8,311,10,31,20,3,8,345
374,1581,2015,9,253,8,30,20,1,9,311
339,1581,2015,10,374,12,31,20,4,10,253
255,1581,2015,11,339,11,30,25,3,11,374
42,1581,2015,12,255,8,30,18,4,12,339
281,1583,2015,2,256,9,28,19,1,2,264
271,1583,2015,3,281,9,31,15,1,3,256
303,1583,2015,4,271,9,30,20,2,4,281
310,1583,2015,5,303,9,31,20,3,5,271
309,1583,2015,6,310,10,30,19,4,6,303
374,1583,2015,7,309,9,31,16,4,7,310
401,1583,2015,8,374,12,31,18,4,8,309
318,1583,2015,9,401,13,30,24,1,9,374
304,1583,2015,10,318,10,31,25,1,10,401
329,1583,2015,11,304,10,30,19,1,11,318
318,1583,2015,12,329,10,30,21,2,12,304
297,1583,2016,1,318,10,31,23,2,13,329
306,1583,2016,2,297,10,28,20,1,14,318
250,1583,2016,3,306,10,30,27,4,15,297
235,1583,2016,4,250,8,30,27,2,16,306
186,1583,2016,5,235,8,29,17,3,17,250
280,1583,2016,6,186,11,16,18,6,18,235
339,1583,2016,7,280,11,24,23,5,19,186
200,1583,2016,8,339,12,28,25,5,20,280
316,1583,2016,9,200,10,19,21,3,21,339
236,1583,2016,10,316,10,31,22,3,22,200
187,1583,2016,11,236,10,23,25,1,23,316
120,1583,2016,12,187,10,18,22,1,24,236
64,1583,2017,1,120,8,15,18,1,25,187
86,1583,2017,2,64,8,8,18,4,26,120
217,1583,2017,3,86,7,12,11,3,27,64
242,1583,2017,4,217,8,27,17,4,28,86
148,1583,2017,5,242,7,31,17,3,29,217
211,1583,2017,6,148,7,21,17,1,30,242
156,1583,2017,7,211,8,25,18,3,31,148
204,1583,2017,8,156,9,17,13,2,32,211
104,1583,2017,9,204,6,30,17,2,33,156
5,1588,2015,2,3,1,2,2,1,2,1
24,1588,2015,3,5,1,4,2,1,3,3
16,1588,2015,4,24,1,15,3,1,4,5
14,1588,2015,5,16,1,9,4,1,5,24
30,1588,2015,6,14,1,9,5,1,6,16
30,1588,2015,7,30,2,13,5,1,7,14
34,1588,2015,8,30,1,16,4,1,8,30
19,1588,2015,9,34,2,12,12,1,9,30
1,1588,2015,10,19,1,13,3,1,10,34
28,1588,2015,11,1,1,1,1,1,11,19
1,1588,2015,12,28,4,7,10,1,12,1
2,1588,2016,1,1,1,1,1,1,13,28
1,1588,2016,2,2,2,1,2,2,14,1
13,1588,2016,3,1,1,1,1,1,15,2
1,1588,2016,4,13,1,7,3,1,16,1
20,1590,2015,2,23,1,14,4,1,2,20
38,1590,2015,3,20,1,15,2,1,3,23
33,1590,2015,4,38,1,20,3,1,4,20
5142,1525,2015,9,5331,177,30,268,108,9,5396
5309,1525,2015,10,5142,165,31,578,18,10,5331
5956,1525,2015,11,5309,183,29,254,128,11,5142
5697,1525,2015,12,5956,198,30,307,128,12,5309
5068,1525,2016,1,5697,183,31,293,112,13,5956
5685,1525,2016,2,5068,181,28,367,34,14,5697
5166,1525,2016,3,5685,183,31,268,90,15,5068
4532,1525,2016,4,5166,172,30,227,125,16,5685
3118,1525,2016,5,4532,146,31,250,15,17,5166
4038,1525,2016,6,3118,164,19,246,13,18,4532
4084,1525,2016,7,4038,130,31,251,2,19,3118
4365,1525,2016,8,4084,170,24,249,18,20,4038
5162,1525,2016,9,4365,145,30,245,3,21,4084
3947,1525,2016,10,5162,166,31,235,112,22,4365
3484,1525,2016,11,3947,171,23,273,112,23,5162
3060,1525,2016,12,3484,129,27,288,1,24,3947
1265,1525,2017,1,3060,105,29,258,1,25,3484
2912,1525,2017,2,1265,55,23,261,2,26,3060
2734,1525,2017,3,2912,116,25,246,3,27,1265
4168,1525,2017,4,2734,97,28,213,4,28,2912
4198,1525,2017,5,4168,134,31,235,8,29,2734
2367,1525,2017,6,4198,139,30,233,86,30,4168
2463,1525,2017,7,2367,78,30,198,1,31,4198
2618,1525,2017,8,2463,102,24,195,4,32,2367
1994,1525,2017,9,2618,87,30,215,2,33,2463
52,1530,2015,2,50,2,19,7,1,2,43
38,1530,2015,3,52,2,25,4,1,3,50
40,1530,2015,4,38,1,22,4,1,4,52
33,1530,2015,5,40,2,20,4,1,5,38
39,1530,2015,6,33,1,20,4,1,6,40
37,1530,2015,7,39,1,21,4,1,7,33
44,1530,2015,8,37,1,19,5,1,8,39
35,1530,2015,9,44,1,23,7,1,9,37
26,1530,2015,10,35,1,19,4,1,10,44
25,1530,2015,11,26,1,16,4,1,11,35
41,1530,2015,12,25,1,16,4,1,12,26
32,1530,2016,1,41,1,21,3,1,13,25
27,1530,2016,2,32,1,22,3,1,14,41
17,1530,2016,3,27,1,17,3,1,15,32
23,1530,2016,4,17,1,11,2,1,16,27
26,1530,2016,5,23,1,16,3,1,17,17
35,1530,2016,6,26,1,17,4,1,18,23
29,1530,2016,7,35,1,23,4,1,19,26
22,1530,2016,8,29,1,21,3,1,20,35
22,1530,2016,9,22,1,16,2,1,21,29
22,1530,2016,10,22,1,15,3,1,22,22
18,1530,2016,11,22,1,15,3,1,23,22
23,1530,2016,12,18,1,13,3,1,24,22
22,1530,2017,1,23,1,17,2,1,25,18
25,1530,2017,2,22,1,13,4,1,26,23
25,1530,2017,3,25,1,15,4,1,27,22
17,1530,2017,4,25,1,19,2,1,28,25
26,1530,2017,5,17,1,12,3,1,29,25
21,1530,2017,6,26,1,17,3,1,30,17
28,1530,2017,7,21,1,16,3,1,31,26
29,1530,2017,8,28,2,14,4,1,32,21
19,1530,2017,9,29,1,21,3,1,33,28
39,1532,2015,2,27,2,11,5,1,2,36
26,1532,2015,3,39,2,18,8,1,3,27
33,1532,2015,4,26,2,12,4,1,4,39
32,1532,2015,5,33,3,11,6,1,5,26
17,1532,2015,6,32,2,16,4,1,6,33
26,1532,2015,7,17,1,9,4,1,7,32
15,1532,2015,8,26,2,13,7,1,8,17
21,1532,2015,9,15,1,10,2,1,9,26
11,1532,2015,10,21,1,12,3,1,10,15
16,1532,2015,11,11,1,8,2,1,11,21
13,1532,2015,12,16,1,9,4,1,12,11
6,1532,2016,1,13,1,9,2,1,13,16
16,1532,2016,2,6,1,5,2,1,14,13
9,1532,2016,3,16,1,11,4,1,15,6
10,1532,2016,4,9,1,5,4,1,16,16
14,1532,2016,5,10,1,8,2,1,17,9
6,1532,2016,6,14,1,8,5,1,18,10
21,1532,2016,7,6,1,4,2,1,19,14
14,1532,2016,8,21,1,13,4,1,20,6
10,1532,2016,9,14,2,7,4,1,21,21
14,1532,2016,10,10,3,3,5,2,22,14
13,1532,2016,11,14,1,9,2,1,23,10
6,1532,2016,12,13,2,6,4,1,24,14
12,1532,2017,1,6,1,6,1,1,25,13
19,1532,2017,2,12,2,6,3,1,26,6
13,1532,2017,3,19,2,9,4,1,27,12
8,1532,2017,4,13,1,8,4,1,28,19
9,1532,2017,5,8,2,3,4,1,29,13
8,1532,2017,6,9,3,3,4,2,30,8
11,1532,2017,7,8,2,4,4,1,31,9
1,1532,2017,8,11,2,5,5,1,32,8
3524,1537,2017,1,3262,105,31,186,43,25,4184
3546,1537,2017,2,3524,125,28,208,78,26,3262
3336,1537,2017,3,3546,114,31,214,50,27,3524
2498,1537,2017,4,3336,111,30,170,70,28,3546
2881,1537,2017,5,2498,80,31,176,25,29,3336
2612,1537,2017,6,2881,96,30,140,46,30,2498
3225,1537,2017,7,2612,84,31,143,24,31,2881
2023,1537,2017,8,3225,104,31,179,62,32,2612
2731,1537,2017,9,2023,67,30,113,23,33,3225
35,1551,2015,2,151,5,27,22,1,2,165
2,1551,2015,3,35,3,11,17,1,3,151
2,1551,2015,4,2,2,1,2,2,4,35
41,1551,2015,7,2,2,1,2,2,7,2
184,1551,2015,10,41,2,17,6,1,10,2
271,1551,2015,11,184,7,25,45,1,11,41
134,1551,2015,12,271,9,29,26,1,12,184
296,1551,2016,1,134,4,30,13,1,13,271
47,1551,2016,2,296,11,26,47,1,14,134
5,1551,2016,3,47,3,13,11,1,15,296
50,1551,2016,9,5,1,4,2,1,21,47
40,1551,2016,10,50,2,18,15,1,22,5
187,1551,2016,11,40,2,16,14,1,23,50
148,1551,2016,12,187,7,24,30,1,24,40
117,1551,2017,1,148,5,28,17,1,25,187
6,1551,2017,2,117,6,19,16,1,26,148
4,1551,2017,3,6,1,5,2,1,27,117
8,1551,2017,4,4,1,4,1,1,28,6
2,1551,2017,5,8,2,3,5,1,29,4
12,1551,2017,9,2,1,2,1,1,33,8
75,1552,2015,2,70,2,25,7,1,2,64
69,1552,2015,3,75,2,28,7,1,3,70
78,1552,2015,4,69,2,26,8,1,4,75
104,1552,2015,5,78,2,29,6,1,5,69
84,1552,2015,6,104,3,29,8,1,6,78
110,1552,2015,7,84,2,29,7,1,7,104
95,1552,2015,8,110,3,30,8,1,8,84
78,1552,2015,9,95,3,27,8,1,9,110
73,1552,2015,10,78,2,27,6,1,10,95
79,1552,2015,11,73,2,29,5,1,11,78
97,1552,2015,12,79,3,25,7,1,12,73
100,1552,2016,1,97,3,30,6,1,13,79
101,1552,2016,2,100,3,28,11,1,14,97
59,1552,2016,3,101,3,31,12,1,15,100
67,1552,2016,4,59,2,26,5,1,16,101
60,1552,2016,5,67,2,24,7,1,17,59
79,1552,2016,6,60,2,21,6,1,18,67
91,1552,2016,7,79,2,29,9,1,19,60
61,1552,2016,8,91,3,28,7,1,20,79
73,1552,2016,9,61,3,19,6,1,21,91
104,1552,2016,10,73,2,27,7,1,22,61
100,1552,2016,11,104,3,29,8,1,23,73
97,1552,2016,12,100,3,26,9,1,24,104
29,1553,2015,2,28,2,12,6,1,2,40
18,1553,2015,3,29,1,17,5,1,3,28
13,1553,2015,4,18,1,12,3,1,4,29
10,1553,2015,5,13,1,7,4,1,5,18
14,1553,2015,6,10,1,7,2,1,6,13
11,1553,2015,7,14,1,8,4,1,7,10
23,1553,2015,8,11,1,7,3,1,8,14
30,1553,2015,9,23,1,15,3,1,9,11
17,1553,2015,10,30,2,13,4,1,10,23
14,1553,2015,11,17,1,12,4,1,11,30
12,1553,2015,12,14,1,9,3,1,12,17
25,1553,2016,1,12,1,9,2,1,13,14
21,1553,2016,2,25,2,10,5,1,14,12
9,1553,2016,3,21,1,14,3,1,15,25
20,1553,2016,4,9,1,5,3,1,16,21
3,1553,2016,5,20,2,8,4,1,17,9
7,1553,2016,6,3,1,3,1,1,18,20
10,1553,2016,7,7,1,4,3,1,19,3
7,1553,2016,8,10,1,7,4,1,20,7
20,1553,2016,9,7,1,6,2,1,21,10
23,1553,2016,10,20,2,10,4,1,22,7
17,1553,2016,11,23,1,13,4,1,23,20
17,1553,2016,12,17,1,9,4,1,24,23
16,1553,2017,1,17,1,12,2,1,25,17
16,1553,2017,2,16,1,10,3,1,26,17
15,1553,2017,3,16,1,11,2,1,27,16
10,1553,2017,4,15,1,10,2,1,28,16
6,1553,2017,5,10,1,8,2,1,29,15
8,1553,2017,6,6,1,5,2,1,30,10
13,1553,2017,7,8,1,5,4,1,31,6
19,1553,2017,8,13,1,8,3,1,32,8
20,1553,2017,9,19,1,13,2,1,33,13
20,1532,2017,9,1,1,1,1,1,33,11
2,1539,2015,2,2,1,2,1,1,2,46
6,1539,2015,3,2,2,1,2,2,3,2
27,1539,2015,10,6,2,3,3,1,10,2
114,1539,2015,11,27,2,11,7,1,11,6
44,1539,2015,12,114,6,18,20,1,12,27
114,1539,2016,1,44,2,19,8,1,13,114
5,1539,2016,2,114,4,24,15,1,14,44
1,1539,2016,3,5,1,3,2,1,15,114
17,1539,2016,10,1,1,1,1,1,22,5
24,1539,2016,11,17,1,10,3,1,23,1
3,1539,2016,12,24,2,10,4,1,24,17
3,1539,2017,1,3,1,3,1,1,25,24
3,1539,2017,2,3,1,2,2,1,26,3
1398,1541,2015,2,1440,51,28,104,29,2,1604
1475,1541,2015,3,1398,45,31,81,27,3,1440
1730,1541,2015,4,1475,49,30,85,34,4,1398
1825,1541,2015,5,1730,55,31,89,31,5,1475
1884,1541,2015,6,1825,60,30,120,33,6,1730
1645,1541,2015,7,1884,60,31,128,40,7,1825
1570,1541,2015,8,1645,53,31,116,21,8,1884
1749,1541,2015,9,1570,52,30,87,32,9,1645
2066,1541,2015,10,1749,56,31,96,24,10,1570
1910,1541,2015,11,2066,68,30,108,40,11,1749
1732,1541,2015,12,1910,63,30,122,30,12,2066
1583,1541,2016,1,1732,55,31,101,31,13,1910
1631,1541,2016,2,1583,56,28,102,21,14,1732
867,1541,2016,3,1631,52,31,92,31,15,1583
1214,1541,2016,4,867,28,30,62,13,16,1631
1177,1541,2016,5,1214,44,27,95,16,17,867
985,1541,2016,6,1177,42,28,106,8,18,1214
1070,1541,2016,7,985,37,26,83,11,19,1177
1180,1541,2016,8,1070,53,20,83,28,20,985
1047,1541,2016,9,1180,49,24,93,23,21,1070
1330,1541,2016,10,1047,34,30,69,16,22,1180
1408,1541,2016,11,1330,44,30,74,16,23,1047
1609,1541,2016,12,1408,46,30,85,25,24,1330
1311,1541,2017,1,1609,51,31,82,31,25,1408
1386,1541,2017,2,1311,46,28,74,25,26,1609
1337,1541,2017,3,1386,44,31,70,28,27,1311
824,1541,2017,4,1337,44,30,72,21,28,1386
1030,1541,2017,5,824,32,25,70,9,29,1337
758,1541,2017,6,1030,38,27,61,11,30,824
1131,1541,2017,7,758,30,25,58,12,31,1030
805,1541,2017,8,1131,36,31,76,15,32,758
663,1541,2017,9,805,29,27,51,7,33,1131
37,1546,2015,2,51,2,20,6,1,2,108
30,1546,2015,3,37,2,18,6,1,3,51
50,1546,2015,4,30,1,19,3,1,4,37
46,1546,2015,5,50,2,23,6,1,5,30
68,1546,2015,6,46,2,21,8,1,6,50
82,1546,2015,7,68,2,24,8,1,7,46
86,1546,2015,8,82,3,27,10,1,8,68
70,1546,2015,9,86,3,26,9,1,9,82
100,1546,2015,10,70,2,27,6,1,10,86
38,1546,2015,11,100,4,23,12,1,11,70
4567,1548,2015,2,4061,145,28,225,98,2,4949
4454,1548,2015,3,4567,147,31,233,3,3,4061
5100,1548,2015,4,4454,148,30,220,109,4,4567
5566,1548,2015,5,5100,164,31,253,103,5,4454
5636,1548,2015,6,5566,185,30,293,81,6,5100
5786,1548,2015,7,5636,181,31,253,121,7,5566
5551,1548,2015,8,5786,186,31,258,129,8,5636
5013,1548,2015,9,5551,185,30,284,131,9,5786
4971,1548,2015,10,5013,161,31,274,12,10,5551
5528,1548,2015,11,4971,165,30,224,66,11,5013
5373,1548,2015,12,5528,184,30,235,141,12,4971
3098,1548,2016,1,5373,173,31,230,89,13,5528
3325,1548,2016,2,3098,110,28,183,64,14,5373
1884,1548,2016,3,3325,107,31,135,75,15,3098
1230,1548,2016,4,1884,110,17,152,85,16,3325
4,1550,2015,3,13,1,9,2,1,3,26
1,1550,2015,4,4,4,1,4,4,4,13
1,1550,2015,5,1,1,1,1,1,5,4
31,1550,2015,6,1,1,1,1,1,6,1
112,1550,2015,10,31,2,11,5,1,10,1
289,1550,2015,11,112,4,23,28,1,11,31
183,1550,2015,12,289,10,28,70,2,12,112
589,1550,2016,1,183,6,29,29,1,13,289
17,1550,2016,2,589,26,22,137,1,14,183
7,1550,2016,3,17,3,5,9,1,15,589
31,1550,2016,9,7,1,4,3,1,21,17
85,1550,2016,10,31,2,15,4,1,22,7
119,1561,2016,1,142,4,30,11,1,13,16
164,1561,2016,2,119,4,27,11,1,14,142
106,1561,2016,3,164,5,30,12,1,15,119
98,1561,2016,4,106,4,26,12,1,16,164
38,1561,2016,5,98,3,26,9,1,17,106
52,1561,2016,6,38,2,17,4,1,18,98
58,1561,2016,7,52,2,19,5,1,19,38
4,1561,2016,8,58,2,23,7,1,20,52
10,1561,2016,9,4,4,1,4,4,21,58
81,1561,2016,12,10,3,3,7,1,24,4
81,1561,2017,1,81,3,21,11,1,25,10
49,1561,2017,2,81,3,21,22,1,26,81
68,1561,2017,3,49,2,23,8,1,27,81
54,1561,2017,4,68,2,23,8,1,28,49
46,1561,2017,5,54,2,23,4,1,29,68
34,1561,2017,6,46,2,17,6,1,30,54
57,1561,2017,7,34,2,15,6,1,31,46
9,1561,2017,8,57,2,20,11,1,32,34
20,1562,2015,2,28,1,16,3,1,2,29
28,1562,2015,3,20,1,11,4,1,3,28
26,1562,2015,4,28,2,13,6,1,4,20
29,1562,2015,5,26,1,14,4,1,5,28
28,1562,2015,6,29,2,14,6,1,6,26
22,1562,2015,7,28,1,19,3,1,7,29
5,1562,2015,8,22,1,14,5,1,8,28
4,1562,2015,9,5,1,4,2,1,9,22
38,1562,2015,12,4,2,2,3,1,12,5
24,1562,2016,1,38,2,15,5,1,13,4
24,1562,2016,2,24,2,12,5,1,14,38
19,1562,2016,3,24,1,14,4,1,15,24
11,1562,2016,4,19,1,11,4,1,16,24
14,1562,2016,5,11,1,6,4,1,17,19
17,1562,2016,6,14,1,9,4,1,18,11
33,1562,2016,7,17,1,9,4,1,19,14
16,1562,2016,8,33,2,12,7,1,20,17
12,1562,2017,1,16,2,7,6,1,25,33
20,1562,2017,2,12,1,9,3,1,26,16
18,1562,2017,3,20,1,13,3,1,27,12
23,1562,2017,4,18,2,9,8,1,28,20
26,1562,2017,5,23,1,14,4,1,29,18
7,1562,2017,6,26,2,12,5,1,30,23
23,1562,2017,7,7,1,6,2,1,31,26
1,1562,2017,8,23,1,13,4,1,32,7
10,1576,2015,2,28,1,16,4,1,2,10
8,1576,2015,3,10,1,8,2,1,3,28
9,1576,2015,4,8,2,4,4,1,4,10
13,1576,2015,5,9,1,5,2,1,5,8
11,1576,2015,6,13,1,7,3,1,6,9
18,1576,2015,7,11,1,6,4,1,7,13
1,1576,2015,8,18,2,8,6,1,8,11
32,1576,2015,9,1,1,1,1,1,9,18
13,1576,2016,1,32,1,19,6,1,13,1
18,1576,2016,2,13,1,7,5,1,14,32
12,1576,2016,3,18,1,10,4,1,15,13
16,1576,2016,4,12,2,6,4,1,16,18
6,1576,2016,5,16,2,8,3,1,17,12
14,1576,2016,6,6,1,5,2,1,18,16
8,1576,2016,7,14,2,7,6,1,19,6
4,1576,2016,8,8,1,7,2,1,20,14
20,1576,2016,12,4,2,2,3,1,24,8
13,1576,2017,1,20,1,11,4,1,25,4
18,1576,2017,2,13,2,6,4,1,26,20
12,1576,2017,3,18,1,11,5,1,27,13
9,1576,2017,4,12,1,9,2,1,28,18
11,1576,2017,5,9,2,4,3,1,29,12
10,1576,2017,7,11,3,3,5,1,31,9
54,1577,2015,4,104,3,28,10,1,4,23
13,1577,2015,5,54,2,21,5,1,5,104
22,1577,2015,6,13,4,3,7,1,6,54
13,1577,2015,7,22,2,10,5,1,7,13
14,1577,2015,8,13,2,5,5,1,8,22
186,1577,2016,2,14,2,6,4,1,14,13
27,1577,2016,3,186,6,28,23,1,15,14
31,1577,2016,4,27,2,12,9,1,16,186
55,1577,2016,5,31,2,14,6,1,17,27
33,1577,2016,6,55,3,15,9,1,18,31
20,1577,2016,7,33,2,16,4,1,19,55
15,1577,2016,8,20,2,7,5,1,20,33
96,1577,2017,2,15,3,5,4,1,26,20
26,1577,2017,3,96,5,17,11,1,27,15
57,1577,2017,4,26,2,10,7,1,28,96
41,1577,2017,5,57,3,18,7,1,29,26
15,1577,2017,6,41,1,22,4,1,30,57
36,1577,2017,7,15,1,10,3,1,31,41
35,1590,2015,5,33,1,21,3,1,5,38
38,1590,2015,6,35,1,18,5,1,6,33
25,1590,2015,7,38,1,20,4,1,7,35
32,1590,2015,9,25,1,17,3,1,9,38
32,1590,2015,10,32,1,20,3,1,10,25
39,1590,2015,11,32,1,20,4,1,11,32
47,1590,2015,12,39,1,21,4,1,12,32
49,1590,2016,1,47,2,23,4,1,13,39
59,1590,2016,2,49,2,23,4,1,14,47
51,1590,2016,3,59,2,27,7,1,15,49
45,1590,2016,4,51,2,24,5,1,16,59
64,1590,2016,5,45,2,21,5,1,17,51
55,1590,2016,6,64,3,20,7,1,18,45
64,1590,2016,7,55,2,23,6,1,19,64
51,1590,2016,8,64,2,28,4,1,20,55
10,1590,2016,9,51,2,21,5,1,21,64
46,1590,2016,12,10,2,4,3,2,24,51
34,1590,2017,1,46,2,20,7,1,25,10
34,1590,2017,2,34,1,18,3,1,26,46
26,1590,2017,3,34,1,23,3,1,27,34
8,1590,2017,4,26,1,15,3,1,28,34
34,1590,2017,5,8,2,4,2,2,29,26
37,1590,2017,8,34,2,16,6,1,32,8
34,1590,2017,9,37,1,23,5,1,33,34
66,1597,2015,10,10,1,9,2,1,10,1
556,1597,2015,11,66,3,21,9,1,11,10
487,1597,2015,12,556,21,26,135,1,12,66
2,1597,2016,1,487,16,30,168,1,13,556
5,1597,2016,2,2,2,1,2,2,14,487
8,1597,2016,3,5,1,3,3,1,15,2
32,1597,2016,10,8,2,4,3,1,22,5
605,1597,2016,11,32,2,12,6,1,23,8
66,1597,2016,12,605,22,27,173,1,24,32
3,1597,2017,1,66,5,12,23,1,25,605
3,1597,2017,9,3,1,2,2,1,33,66
4,1599,2015,8,16,1,9,4,1,8,4
21,1599,2015,9,4,2,2,3,1,9,16
30,1599,2016,8,21,2,10,5,1,20,4
53,1599,2016,9,30,2,14,4,1,21,21
39,1599,2016,10,53,3,16,8,1,22,30
26,1599,2016,11,39,3,12,7,1,23,53
63,1599,2016,12,26,2,10,9,1,24,39
49,1599,2017,1,63,2,24,5,1,25,26
56,1599,2017,2,49,2,17,10,1,26,63
26,1599,2017,3,56,2,20,7,1,27,49
27,1599,2017,4,26,3,7,10,1,28,56
3,1599,2017,5,27,2,12,7,1,29,26
12,1599,2017,6,3,1,2,2,1,30,27
27,1599,2017,7,12,3,4,5,2,31,3
15,1599,2017,8,27,3,9,9,1,32,12
21,1599,2017,9,15,1,10,2,1,33,27
22,1606,2016,6,12,2,5,4,1,18,6
9,1606,2016,7,22,2,11,3,1,19,12
10,1606,2016,8,9,1,5,5,1,20,22
4,1606,2016,9,10,1,7,4,1,21,9
5,1606,2016,10,4,1,4,1,1,22,10
2,1606,2016,11,5,1,4,2,1,23,4
7,1606,2016,12,2,1,2,1,1,24,5
1,1606,2017,1,7,3,2,6,1,25,2
1,1606,2017,2,1,1,1,1,1,26,7
13,1606,2017,3,1,1,1,1,1,27,1
7,1606,2017,4,13,6,2,12,1,28,1
19,1606,2017,5,7,2,3,4,1,29,13
1,1606,2017,6,19,1,11,5,1,30,7
1,1606,2017,7,1,1,1,1,1,31,19
16,1606,2017,8,1,1,1,1,1,32,1
3,1606,2017,9,16,2,6,8,1,33,1
148,1608,2016,11,93,4,21,14,1,23,75
117,1608,2016,12,148,5,26,14,2,24,93
160,1608,2017,1,117,6,19,16,1,25,148
183,1608,2017,2,160,7,21,21,1,26,117
225,1608,2017,3,183,7,24,21,1,27,160
224,1608,2017,4,225,7,30,17,1,28,183
207,1608,2017,5,224,8,28,20,2,29,225
105,1608,2017,6,207,9,23,17,1,30,224
208,1608,2017,7,105,7,15,14,2,31,207
60,1608,2017,8,208,9,23,18,2,32,105
240,1608,2017,9,60,12,5,15,9,33,208
146,1578,2015,4,117,4,26,10,1,4,87
88,1578,2015,5,146,4,30,11,1,5,117
65,1578,2015,6,88,3,27,7,1,6,146
11,1578,2015,7,65,2,26,6,1,7,88
21,1578,2015,8,11,3,3,5,2,8,65
59,1578,2016,2,21,5,4,11,1,14,11
27,1578,2016,3,59,4,13,11,1,15,21
64,1578,2016,4,27,3,8,8,1,16,59
17,1578,2016,5,64,3,17,9,1,17,27
49,1578,2016,6,17,4,4,7,2,18,64
13,1578,2016,7,49,4,10,12,1,19,17
12,1578,2016,8,13,2,5,6,1,20,49
5,1578,2017,4,12,2,5,7,1,28,13
11,1578,2017,5,5,1,3,3,1,29,12
18,1578,2017,6,11,2,5,4,1,30,5
15,1579,2015,2,15,2,6,4,2,2,22
32,1579,2015,3,15,2,6,5,1,3,15
39,1579,2015,4,32,2,14,6,1,4,15
44,1579,2015,5,39,2,14,6,1,5,32
40,1579,2015,6,44,2,15,6,1,6,39
39,1579,2015,7,40,2,15,7,1,7,44
20,1579,2015,8,39,3,12,8,1,8,40
19,1579,2015,9,20,3,6,8,1,9,39
32,1579,2015,10,19,2,9,3,1,10,20
33,1579,2015,11,32,3,9,8,1,11,19
27,1579,2015,12,33,2,12,8,1,12,32
16,1579,2016,1,27,2,10,7,1,13,33
34,1579,2016,2,16,2,6,8,1,14,27
37,1579,2016,3,34,2,13,7,1,15,16
8,1579,2016,4,37,2,15,7,1,16,34
9,1579,2016,5,8,1,5,3,1,17,37
19,1579,2016,6,9,2,4,4,1,18,8
3,1579,2016,7,19,1,11,5,1,19,9
10,1579,2016,8,3,1,3,1,1,20,19
10,1579,2016,9,10,1,6,5,1,21,3
27,1579,2016,10,10,1,6,2,1,22,10
12,1579,2016,11,27,2,11,6,1,23,10
14,1579,2016,12,12,1,10,2,1,24,27
32,1579,2017,1,14,2,6,4,1,25,12
18,1579,2017,2,32,2,12,7,1,26,14
11,1579,2017,3,18,2,9,4,1,27,32
22,1579,2017,4,11,1,6,4,1,28,18
10,1579,2017,5,22,2,8,5,1,29,11
30,1579,2017,6,10,2,4,5,1,30,22
14,1579,2017,7,30,2,11,8,1,31,10
3,1579,2017,8,14,1,8,3,1,32,30
9,1579,2017,9,3,1,2,2,1,33,14
70,1592,2015,3,54,2,20,5,1,3,18
74,1592,2015,4,70,2,25,11,1,4,54
77,1592,2015,5,74,2,27,8,1,5,70
66,1592,2015,6,77,2,27,7,1,6,74
57,1592,2015,7,66,2,25,6,1,7,77
8,1592,2015,8,57,2,23,9,1,8,66
11,1592,2015,9,8,2,3,4,1,9,57
25,1592,2016,3,11,3,3,7,1,15,8
34,1592,2016,4,25,1,15,5,1,16,11
33,1592,2016,5,34,2,15,5,1,17,25
37,1592,2016,6,33,2,14,6,1,18,34
16,1592,2016,7,37,2,17,7,1,19,33
37,1592,2017,3,16,2,8,3,1,27,37
24,1592,2017,4,37,1,21,8,1,28,16
22,1592,2017,5,24,1,15,3,1,29,37
16,1592,2017,6,22,1,13,4,1,30,24
36,1592,2017,7,16,1,12,2,1,31,22
9,1592,2017,8,36,2,18,4,1,32,16
1966,1593,2015,2,978,34,28,126,3,2,457
1904,1593,2015,3,1966,63,31,276,1,3,978
3324,1593,2015,4,1904,63,30,246,6,4,1966
4586,1593,2015,5,3324,107,31,194,38,5,1904
2009,1593,2015,6,4586,152,30,374,45,6,3324
2785,1593,2015,7,2009,64,31,138,21,7,4586
3314,1593,2015,8,2785,89,31,187,37,8,2009
2545,1593,2015,9,3314,110,30,349,16,9,2785
1104,1593,2015,10,2545,82,31,280,15,10,3314
1453,1593,2015,11,1104,36,30,106,6,11,2545
849,1593,2015,12,1453,48,30,245,10,12,1104
636,1593,2016,1,849,27,31,101,6,13,1453
39,1594,2015,2,27,1,18,3,1,2,3
35,1594,2015,3,39,1,21,5,1,3,27
34,1594,2015,4,35,1,20,7,1,4,39
37,1594,2015,5,34,1,20,3,1,5,35
33,1594,2015,6,37,1,19,4,1,6,34
30,1594,2015,7,33,1,17,4,1,7,37
46,1594,2015,9,30,2,15,7,1,9,33
37,1594,2015,10,46,1,24,6,1,10,30
47,1594,2015,11,37,1,20,4,1,11,46
55,1594,2015,12,47,2,23,4,1,12,37
32,1594,2016,1,55,2,25,4,1,13,47
38,1594,2016,2,32,1,20,4,1,14,55
24,1594,2016,3,38,1,20,6,1,15,32
28,1594,2016,4,24,1,13,3,1,16,38
18,1594,2016,5,28,1,17,4,1,17,24
16,1594,2016,6,18,1,12,3,1,18,28
29,1594,2016,7,16,1,10,3,1,19,18
17,1594,2016,8,29,1,18,4,1,20,16
1,1594,2016,9,17,1,12,3,1,21,29
20,1594,2016,12,1,1,1,1,1,24,17
18,1594,2017,1,20,2,10,4,1,25,1
24,1594,2017,2,18,1,13,2,1,26,20
23,1594,2017,3,24,1,14,3,1,27,18
4,1594,2017,4,23,1,13,3,1,28,24
18,1594,2017,5,4,2,2,3,1,29,23
9,1594,2017,8,18,1,11,3,1,32,4
33,1594,2017,9,9,1,6,2,1,33,18
711,1595,2016,8,1378,57,24,79,38,20,850
984,1595,2016,9,711,54,13,67,36,21,1378
1205,1595,2016,10,984,49,20,67,30,22,711
1292,1595,2016,11,1205,44,27,72,22,23,984
1294,1595,2016,12,1292,43,30,62,27,24,1205
1065,1595,2017,1,1294,41,31,80,23,25,1292
1223,1595,2017,2,1065,38,28,62,20,26,1294
911,1595,2017,3,1223,39,31,89,22,27,1065
615,1595,2017,4,911,39,23,72,22,28,1223
965,1595,2017,5,615,41,15,81,25,29,911
1331,1595,2017,6,965,41,23,63,28,30,615
1231,1595,2017,7,1331,42,31,60,28,31,965
787,1595,2017,8,1231,39,31,55,26,32,1331
752,1595,2017,9,787,34,23,63,22,33,1231
1,1596,2016,1,73,3,21,23,1,13,70
6,1596,2016,9,1,1,1,1,1,21,73
24,1596,2016,10,6,1,4,2,1,22,1
191,1596,2016,11,24,2,11,5,1,23,6
104,1596,2016,12,191,7,27,28,1,24,24
454,1609,2016,11,390,13,28,29,1,23,280
457,1609,2016,12,454,15,30,35,1,24,390
331,1609,2017,1,457,14,31,28,2,25,454
388,1609,2017,2,331,13,25,32,2,26,457
428,1609,2017,3,388,12,30,23,1,27,331
268,1609,2017,4,428,14,30,26,6,28,388
254,1609,2017,5,268,11,24,30,1,29,428
194,1609,2017,6,254,9,27,21,2,30,268
331,1609,2017,7,194,7,25,17,2,31,254
254,1609,2017,8,331,11,30,22,2,32,194
179,1609,2017,9,254,9,26,20,1,33,331
260,1610,2017,4,149,6,23,13,1,28,18
223,1610,2017,5,260,10,25,45,1,29,149
214,1610,2017,6,223,14,15,56,1,30,260
200,1610,2017,7,214,17,12,94,1,31,223
73,1610,2017,8,200,8,25,48,1,32,214
265,1610,2017,9,73,8,9,16,1,33,200
122,1611,2017,9,63,3,19,7,1,33,69
442,1550,2016,11,85,3,26,8,1,23,31
229,1550,2016,12,442,15,28,58,1,24,85
262,1550,2017,1,229,7,31,42,1,25,442
7,1550,2017,2,262,11,22,47,1,26,229
1,1550,2017,3,7,7,1,7,7,27,262
4,1550,2017,4,1,1,1,1,1,28,7
40,1550,2017,9,4,2,2,3,1,33,1
46,1555,2015,2,56,3,17,9,2,2,34
46,1555,2015,3,46,2,19,7,1,3,56
33,1555,2015,4,46,2,19,7,1,4,46
39,1555,2015,5,33,2,15,4,1,5,46
32,1555,2015,6,39,3,12,8,1,6,33
36,1555,2015,7,32,2,13,6,1,7,39
6,1555,2015,8,36,2,18,6,1,8,32
10,1555,2015,9,6,6,1,6,6,9,36
50,1555,2015,12,10,3,3,6,2,12,6
62,1555,2016,1,50,2,20,5,1,13,10
52,1555,2016,2,62,3,20,8,1,14,50
37,1555,2016,3,52,2,21,5,1,15,62
23,1555,2016,4,37,1,19,5,1,16,52
24,1555,2016,5,23,1,14,4,1,17,37
21,1555,2016,6,24,1,14,5,1,18,23
31,1555,2016,7,21,2,10,5,1,19,24
20,1555,2016,8,31,2,14,6,1,20,21
57,1555,2016,12,20,5,4,6,4,24,31
50,1555,2017,1,57,3,17,9,1,25,20
40,1555,2017,2,50,3,16,8,1,26,57
32,1555,2017,3,40,2,18,4,1,27,50
25,1555,2017,4,32,2,13,6,1,28,40
27,1555,2017,5,25,2,9,6,1,29,32
18,1555,2017,6,27,2,12,5,1,30,25
27,1555,2017,7,18,1,10,4,1,31,27
6,1555,2017,8,27,1,16,4,1,32,18
19,1557,2015,3,27,1,14,4,1,3,3
13,1557,2015,4,19,2,9,4,1,4,27
15,1557,2015,5,13,1,9,2,1,5,19
12,1557,2015,6,15,1,10,3,1,6,13
25,1557,2015,7,12,1,9,2,1,7,15
5,1557,2015,8,25,1,14,4,1,8,12
6,1557,2015,9,5,2,2,3,2,9,25
31,1557,2016,2,6,2,3,3,1,14,5
28,1557,2016,3,31,2,15,5,1,15,6
21,1557,2016,4,28,2,14,5,1,16,31
7,1557,2016,5,21,1,13,5,1,17,28
21,1557,2016,6,7,1,7,1,1,18,21
25,1557,2016,7,21,2,10,4,1,19,7
2,1557,2016,8,25,2,12,8,1,20,21
44,1557,2016,12,2,2,1,2,2,24,25
31,1557,2017,1,44,2,16,6,1,25,2
33,1557,2017,2,31,1,17,4,1,26,44
36,1557,2017,3,33,1,18,4,1,27,31
22,1557,2017,4,36,2,17,4,1,28,33
12,1557,2017,5,22,2,10,6,1,29,36
9,1557,2017,6,12,1,7,4,1,30,22
11,1557,2017,7,9,2,4,4,1,31,12
35,1564,2016,11,53,2,19,5,1,23,13
46,1564,2016,12,35,2,14,10,1,24,53
26,1564,2017,1,46,3,15,10,1,25,35
64,1564,2017,2,26,3,7,8,1,26,46
35,1564,2017,3,64,3,18,7,1,27,26
81,1564,2017,4,35,2,16,4,1,28,64
98,1564,2017,5,81,3,26,7,1,29,35
44,1564,2017,6,98,3,26,10,1,30,81
45,1564,2017,7,44,3,13,6,1,31,98
64,1564,2017,8,45,3,15,4,1,32,44
50,1564,2017,9,64,3,18,8,1,33,45
457,1566,2015,7,370,11,31,23,4,7,350
400,1566,2015,8,457,14,31,27,7,8,370
359,1566,2015,9,400,13,30,23,2,9,457
430,1566,2015,10,359,11,30,31,2,10,400
516,1566,2015,11,430,14,29,23,7,11,359
592,1566,2015,12,516,17,30,32,9,12,430
584,1566,2016,1,592,19,31,34,8,13,516
581,1566,2016,2,584,21,27,38,7,14,592
514,1566,2016,3,581,18,31,37,7,15,584
542,1566,2016,4,514,17,30,28,6,16,581
501,1566,2016,5,542,17,31,34,10,17,514
537,1566,2016,6,501,16,30,26,8,18,542
588,1566,2016,7,537,17,31,29,2,19,501
549,1566,2016,9,588,19,30,30,6,21,537
521,1566,2016,10,549,17,31,26,11,22,588
622,1566,2016,11,521,17,29,29,8,23,549
540,1566,2016,12,622,20,30,46,8,24,521
473,1566,2017,1,540,17,31,28,7,25,622
495,1566,2017,2,473,16,28,29,6,26,540
467,1566,2017,3,495,15,31,31,7,27,473
395,1566,2017,4,467,15,30,33,2,28,495
423,1566,2017,5,395,12,31,26,5,29,467
436,1566,2017,6,423,14,30,25,3,30,395
394,1566,2017,7,436,14,31,27,5,31,423
350,1566,2017,8,394,12,31,22,4,32,436
352,1566,2017,9,350,11,30,18,3,33,394
22,1571,2015,2,24,1,14,4,1,2,29
20,1571,2015,3,22,2,11,5,1,3,24
20,1571,2015,4,20,2,9,5,1,4,22
31,1571,2015,5,20,1,11,4,1,5,20
17,1571,2015,6,31,2,14,4,1,6,20
15,1571,2015,7,17,1,11,4,1,7,31
14,1571,2015,8,15,1,11,2,1,8,17
15,1571,2015,9,14,2,7,4,1,9,15
12,1571,2015,10,15,1,11,3,1,10,14
11,1571,2015,11,12,1,9,2,1,11,15
20,1571,2015,12,11,1,8,2,1,12,12
23,1571,2016,1,20,1,13,3,1,13,11
28,1571,2016,2,23,1,13,4,1,14,20
8,1571,2016,3,28,2,14,4,1,15,23
11,1571,2016,4,8,1,8,1,1,16,28
11,1571,2016,5,11,2,5,5,1,17,8
7,1571,2016,6,11,1,6,5,1,18,11
4,1571,2016,7,7,1,5,2,1,19,11
5,1571,2016,8,4,1,4,1,1,20,7
4,1571,2016,9,5,1,4,2,1,21,4
9,1571,2016,10,4,1,3,2,1,22,5
10,1571,2016,11,9,1,7,2,1,23,4
11,1571,2016,12,10,1,8,2,1,24,9
6,1571,2017,1,11,1,7,2,1,25,10
12,1571,2017,2,6,1,4,2,1,26,11
6,1571,2017,3,12,1,10,2,1,27,6
8,1571,2017,4,6,1,6,1,1,28,12
2,1571,2017,5,8,1,7,2,1,29,6
4,1571,2017,6,2,2,1,2,2,30,8
7,1571,2017,7,4,1,3,2,1,31,2
3,1571,2017,8,7,1,6,2,1,32,4
13,1573,2015,2,17,1,11,3,1,2,16
18,1573,2015,3,13,1,9,2,1,3,17
17,1573,2015,4,18,1,12,3,1,4,13
10,1573,2015,5,17,1,12,2,1,5,18
12,1573,2015,6,10,1,6,3,1,6,17
10,1573,2015,7,12,1,11,2,1,7,10
3,1573,2015,8,10,1,8,2,1,8,12
19,1573,2015,10,3,3,1,3,3,10,10
12,1573,2015,11,19,1,13,4,1,11,3
25,1573,2015,12,12,1,8,3,1,12,19
18,1573,2016,1,25,1,14,4,1,13,12
6,1573,2016,2,18,1,14,2,1,14,25
19,1573,2016,3,6,1,5,2,1,15,18
7,1573,2016,4,19,1,12,3,1,16,6
11,1573,2016,5,7,1,6,2,1,17,19
13,1573,2016,6,11,1,9,2,1,18,7
5,1573,2016,7,13,1,8,3,1,19,11
18,1573,2016,9,5,1,5,1,1,21,13
11,1573,2016,10,18,1,14,2,1,22,5
16,1573,2016,11,11,1,7,3,1,23,18
15,1573,2016,12,16,1,10,3,1,24,11
19,1573,2017,1,15,2,7,4,1,25,16
11,1573,2017,2,19,1,12,3,1,26,15
10,1573,2017,3,11,1,8,3,1,27,19
6,1573,2017,4,10,1,7,3,1,28,11
8,1573,2017,5,6,1,6,1,1,29,10
12,1573,2017,6,8,1,6,3,1,30,6
15,1573,2017,7,12,1,7,3,1,31,8
9,1573,2017,8,15,1,13,2,1,32,12
16,1573,2017,9,9,1,7,3,1,33,15
24,1575,2015,8,12,2,5,7,1,8,3
33,1575,2015,9,24,2,12,6,1,9,12
37,1575,2015,10,33,2,15,5,1,10,24
45,1575,2015,11,37,2,16,6,1,11,33
49,1575,2015,12,45,2,19,6,1,12,37
31,1575,2016,1,49,2,22,8,1,13,45
33,1575,2016,2,31,1,16,6,1,14,49
26,1575,2016,3,33,1,17,8,1,15,31
8,1575,2016,4,26,2,12,6,1,16,33
11,1575,2016,5,8,2,4,3,1,17,26
11,1575,2016,6,11,1,6,5,1,18,8
16,1575,2016,7,11,2,5,4,1,19,11
11,1575,2016,8,16,1,10,3,1,20,11
28,1575,2016,9,11,2,4,4,1,21,16
30,1575,2016,10,28,2,11,7,1,22,11
19,1575,2016,11,30,3,10,7,1,23,28
11,1575,2016,12,19,3,6,5,1,24,30
11,1575,2017,1,11,1,9,2,1,25,19
9,1575,2017,2,11,2,4,6,1,26,11
17,1575,2017,3,9,1,5,3,1,27,11
11,1575,2017,4,17,2,6,7,1,28,9
8,1575,2017,5,11,2,4,5,1,29,17
10,1575,2017,6,8,4,2,4,4,30,11
12,1575,2017,7,10,1,6,3,1,31,8
4,1575,2017,8,12,2,6,4,1,32,10
11,1575,2017,9,4,2,2,2,2,33,12
15,1580,2015,2,20,1,13,3,1,2,16
9,1580,2015,3,15,1,8,5,1,3,20
16,1580,2015,4,9,1,8,2,1,4,15
10,1580,2015,5,16,1,10,3,1,5,9
21,1580,2015,6,10,1,7,3,1,6,16
18,1580,2015,7,21,1,13,7,1,7,10
23,1580,2015,8,18,1,10,5,1,8,21
23,1580,2015,9,23,1,15,4,1,9,18
12,1580,2015,10,23,1,13,4,1,10,23
14,1580,2015,11,12,1,11,2,1,11,23
20,1580,2015,12,14,1,10,2,1,12,12
19,1580,2016,1,20,1,13,3,1,13,14
14,1580,2016,2,19,1,10,4,1,14,20
13,1580,2016,3,14,1,9,3,1,15,19
17,1580,2016,4,13,1,7,4,1,16,14
1,1580,2016,5,17,1,10,4,1,17,13
6,1580,2016,6,1,1,1,1,1,18,17
10,1580,2016,7,6,2,3,3,1,19,1
8,1580,2016,8,10,1,6,3,1,20,6
3,1580,2016,9,8,1,6,2,1,21,10
4,1580,2016,10,3,1,3,1,1,22,8
5,1580,2016,11,4,1,4,1,1,23,3
2,1580,2016,12,5,1,5,1,1,24,4
11,1580,2017,1,2,1,2,1,1,25,5
4,1580,2017,2,11,1,8,3,1,26,2
12,1580,2017,3,4,4,1,4,4,27,11
11,1580,2017,4,12,1,7,4,1,28,4
6,1580,2017,5,11,1,6,3,1,29,12
1,1580,2017,6,6,1,4,3,1,30,11
11,1580,2017,7,1,1,1,1,1,31,6
1,1580,2017,8,11,1,6,4,1,32,1
2,1580,2017,9,1,1,1,1,1,33,11
31,1582,2015,2,19,1,16,3,1,2,43
28,1582,2015,3,31,1,20,3,1,3,19
24,1582,2015,4,28,1,16,4,1,4,31
18,1582,2015,5,24,1,13,5,1,5,28
27,1582,2015,6,18,1,14,2,1,6,24
23,1582,2015,7,27,1,18,2,1,7,18
15,1582,2015,8,23,1,16,3,1,8,27
14,1582,2015,9,15,1,11,3,1,9,23
23,1582,2015,10,14,1,9,3,1,10,15
27,1582,2015,11,23,1,15,3,1,11,14
21,1582,2015,12,27,1,17,4,1,12,23
17,1582,2016,1,21,1,13,4,1,13,27
18,1582,2016,2,17,2,8,7,1,14,21
6,1582,2016,3,18,1,14,3,1,15,17
6,1582,2016,5,6,1,4,3,1,17,18
5,1582,2016,6,6,1,4,2,1,18,6
12,1582,2016,7,5,1,4,2,1,19,6
19,1582,2016,8,12,2,6,3,1,20,5
5,1582,2016,9,19,1,14,2,1,21,12
4,1582,2017,5,5,1,3,3,1,29,19
5,1582,2017,6,4,1,3,2,1,30,5
20,1582,2017,7,5,1,3,3,1,31,4
11,1582,2017,8,20,1,15,4,1,32,5
2,1582,2017,9,11,1,10,2,1,33,20
12,1589,2015,4,1,1,1,1,1,4,2
23,1589,2015,7,12,1,9,3,1,7,1
14,1589,2015,8,23,2,9,8,1,8,12
37,1589,2015,9,14,2,5,5,1,9,23
6,1589,2015,10,37,2,16,5,1,10,14
11,1589,2015,11,6,1,4,2,1,11,37
5,1589,2015,12,11,1,6,5,1,12,6
11,1589,2016,1,5,1,3,3,1,13,11
4,1589,2016,2,11,1,7,3,1,14,5
3,1589,2016,3,4,2,2,3,1,15,11
28,1589,2016,4,3,1,3,1,1,16,4
24,1591,2015,2,15,1,10,4,1,2,20
24,1591,2015,3,24,2,10,8,1,3,15
23,1591,2015,4,24,2,9,9,1,4,24
12,1591,2015,5,23,3,7,8,1,5,24
14,1591,2015,6,12,1,9,2,1,6,23
31,1591,2015,7,14,1,9,4,1,7,12
27,1591,2015,8,31,1,16,5,1,8,14
18,1591,2015,9,27,2,11,11,1,9,31
32,1554,2015,7,29,2,14,3,1,7,8
30,1554,2015,8,32,1,21,3,1,8,29
25,1554,2015,9,30,1,18,4,1,9,32
22,1554,2015,10,25,1,18,3,1,10,30
24,1554,2015,11,22,1,16,2,1,11,25
22,1554,2015,12,24,1,15,3,1,12,22
19,1554,2016,1,22,1,16,3,1,13,24
20,1554,2016,2,19,1,13,2,1,14,22
12,1554,2016,3,20,1,15,3,1,15,19
12,1554,2016,4,12,1,9,2,1,16,20
6,1554,2016,5,12,1,10,2,1,17,12
7,1554,2016,6,6,2,3,3,1,18,12
11,1554,2016,7,7,1,5,2,1,19,6
13,1554,2016,8,11,1,7,3,1,20,7
11,1554,2016,9,13,1,10,2,1,21,11
3,1554,2016,10,11,1,9,3,1,22,13
11,1554,2016,11,3,1,3,1,1,23,11
13,1554,2016,12,11,1,10,2,1,24,3
8,1554,2017,1,13,1,12,2,1,25,11
10,1554,2017,2,8,1,5,3,1,26,13
13,1554,2017,3,10,1,8,2,1,27,8
19,1554,2017,4,13,1,9,2,1,28,10
20,1554,2017,5,19,1,13,3,1,29,13
10,1554,2017,6,20,1,16,3,1,30,19
14,1554,2017,7,10,1,6,2,1,31,20
7,1554,2017,8,14,1,12,2,1,32,10
18,1554,2017,9,7,1,6,2,1,33,14
251,1567,2015,3,278,8,31,24,3,3,267
168,1567,2015,4,251,8,30,22,3,4,278
226,1567,2015,5,168,8,20,15,2,5,251
272,1567,2015,10,226,9,24,16,2,10,168
431,1567,2015,11,272,9,29,27,3,11,226
412,1567,2015,12,431,14,30,26,3,12,272
361,1567,2016,1,412,13,31,28,2,13,431
359,1567,2016,2,361,12,28,27,5,14,412
326,1567,2016,3,359,11,31,20,4,15,361
322,1567,2016,4,326,10,30,20,5,16,359
246,1567,2016,5,322,12,26,29,4,17,326
354,1567,2016,6,246,11,21,20,4,18,322
392,1567,2016,7,354,11,31,22,5,19,246
223,1567,2016,8,392,12,31,23,1,20,354
241,1567,2016,9,223,14,15,26,9,21,392
351,1567,2016,12,241,12,20,24,2,24,223
329,1567,2017,1,351,11,31,30,3,25,241
359,1567,2017,2,329,11,28,24,5,26,351
300,1567,2017,3,359,11,31,27,5,27,329
38,1567,2017,4,300,10,30,18,4,28,359
79,1567,2017,5,38,12,3,20,6,29,300
199,1567,2017,9,79,19,4,28,8,33,38
9711,1568,2015,2,9103,325,28,469,221,2,9915
9043,1568,2015,3,9711,313,31,446,224,3,9103
8108,1568,2015,4,9043,301,30,450,150,4,9711
7512,1568,2015,5,8108,261,31,343,170,5,9043
7193,1568,2015,6,7512,250,30,358,158,6,8108
7315,1568,2015,7,7193,232,31,367,154,7,7512
6673,1568,2015,8,7315,235,31,364,153,8,7193
6326,1568,2015,9,6673,222,30,312,142,9,7315
6556,1568,2015,10,6326,204,31,292,110,10,6673
7030,1568,2015,11,6556,218,30,350,65,11,6326
6696,1568,2015,12,7030,234,30,337,173,12,6556
5468,1568,2016,1,6696,216,31,308,112,13,7030
5611,1568,2016,2,5468,195,28,336,111,14,6696
3465,1568,2016,3,5611,181,31,328,115,15,5468
3914,1568,2016,4,3465,165,21,233,107,16,5611
2538,1568,2016,5,3914,156,25,213,69,17,3465
2831,1568,2016,6,2538,110,23,212,62,18,3914
4405,1568,2016,7,2831,117,24,201,56,19,2538
3349,1568,2016,8,4405,157,28,262,103,20,2831
3742,1568,2016,9,3349,145,23,208,94,21,4405
3079,1568,2016,10,3742,129,29,195,68,22,3349
3851,1568,2016,11,3079,123,25,215,23,23,3742
2501,1568,2016,12,3851,137,28,205,67,24,3079
2670,1568,2017,1,2501,131,19,183,89,25,3851
2467,1568,2017,2,2670,127,21,226,84,26,2501
3581,1568,2017,3,2467,102,24,182,39,27,2670
3646,1568,2017,4,3581,119,30,189,66,28,2467
3652,1568,2017,5,3646,117,31,179,38,29,3581
2446,1568,2017,6,3652,121,30,199,53,30,3646
3390,1568,2017,7,2446,106,23,166,48,31,3652
1251,1568,2017,8,3390,109,31,175,48,32,2446
3205,1568,2017,9,1251,69,18,125,24,33,3390
33,1569,2015,2,42,1,23,7,1,2,39
33,1569,2015,3,33,1,17,3,1,3,42
38,1569,2015,4,33,1,17,4,1,4,33
34,1569,2015,5,38,1,24,3,1,5,33
27,1569,2015,6,34,1,22,3,1,6,38
18,1591,2015,10,18,1,13,2,1,10,27
16,1591,2015,11,18,1,10,6,1,11,18
43,1591,2015,12,16,1,11,3,1,12,18
34,1591,2016,1,43,2,18,6,1,13,16
22,1591,2016,2,34,3,11,8,1,14,43
19,1591,2016,3,22,1,15,3,1,15,34
12,1591,2016,4,19,1,11,3,1,16,22
27,1591,2016,5,12,1,9,3,1,17,19
25,1591,2016,6,27,1,15,5,1,18,12
19,1591,2016,7,25,2,10,9,1,19,27
17,1591,2016,8,19,2,7,8,1,20,25
17,1591,2016,9,17,1,9,3,1,21,19
6,1591,2016,10,17,1,9,4,1,22,17
12,1591,2016,11,6,1,5,2,1,23,17
30,1591,2016,12,12,1,7,3,1,24,6
4,1591,2017,1,30,2,14,7,1,25,12
19,1591,2017,2,4,1,3,2,1,26,30
15,1591,2017,6,19,2,9,8,1,30,4
13,1591,2017,7,15,1,8,6,1,31,19
17,1591,2017,8,13,1,10,2,1,32,15
7,1591,2017,9,17,1,9,5,1,33,13
50,1598,2015,8,45,2,18,6,1,8,4
34,1598,2015,9,50,1,26,6,1,9,45
30,1598,2015,10,34,2,12,6,1,10,50
80,1598,2015,11,30,2,15,4,1,11,34
74,1598,2015,12,80,3,21,14,1,12,30
62,1598,2016,1,74,3,23,7,1,13,80
59,1598,2016,2,62,2,21,6,1,14,74
26,1598,2016,3,59,2,26,6,1,15,62
28,1598,2016,4,26,1,16,3,1,16,59
27,1598,2016,5,28,1,17,3,1,17,26
33,1598,2016,6,27,2,10,6,1,18,28
55,1598,2016,7,33,1,20,3,1,19,27
45,1598,2016,8,55,2,21,5,1,20,33
72,1598,2016,9,45,2,18,5,1,21,55
112,1598,2016,10,72,3,21,8,1,22,45
72,1598,2016,11,112,4,26,13,1,23,72
108,1598,2016,12,72,3,20,8,1,24,112
61,1598,2017,1,108,3,29,11,1,25,72
76,1598,2017,2,61,3,20,7,1,26,108
49,1598,2017,3,76,2,27,11,1,27,61
36,1598,2017,4,49,2,17,5,1,28,76
22,1598,2017,5,36,2,16,6,1,29,49
20,1598,2017,6,22,1,15,3,1,30,36
1,1598,2017,7,20,2,10,5,1,31,22
31,1600,2015,10,19,2,7,6,1,10,3
30,1600,2015,11,31,2,14,6,1,11,19
44,1600,2015,12,30,1,17,5,1,12,31
26,1600,2016,1,44,2,15,6,1,13,30
40,1600,2016,2,26,2,12,7,1,14,44
25,1600,2016,3,40,2,16,8,1,15,26
15,1600,2016,4,25,2,10,5,1,16,40
36,1600,2016,5,15,1,9,3,1,17,25
9,1600,2016,6,36,3,12,9,1,18,15
17,1600,2016,7,9,1,7,2,1,19,36
7,1600,2016,8,17,2,8,7,1,20,9
19,1600,2016,9,7,1,4,3,1,21,17
17,1600,2016,10,19,2,8,6,1,22,7
22,1600,2016,11,17,2,8,6,1,23,19
36,1600,2016,12,22,1,13,4,1,24,17
16,1600,2017,1,36,2,18,4,1,25,22
31,1600,2017,2,16,1,11,3,1,26,36
18,1600,2017,3,31,1,18,7,1,27,16
15,1600,2017,4,18,2,9,4,1,28,31
14,1600,2017,5,15,1,10,2,1,29,18
13,1600,2017,6,14,2,7,4,1,30,15
17,1600,2017,7,13,1,7,3,1,31,14
15,1600,2017,8,17,2,7,5,1,32,13
17,1600,2017,9,15,1,10,2,1,33,17
48,1605,2016,5,45,2,20,6,1,17,5
59,1605,2016,6,48,2,18,8,1,18,45
71,1605,2016,7,59,3,19,7,1,19,48
72,1605,2016,8,71,3,20,10,1,20,59
49,1605,2016,9,72,2,27,9,1,21,71
40,1605,2016,10,49,2,19,7,1,22,72
43,1605,2016,11,40,2,16,5,1,23,49
18,1605,2016,12,43,2,16,8,1,24,40
47,1605,2017,1,18,2,9,5,1,25,43
16,1605,2017,2,47,2,16,12,1,26,18
9,1605,2017,3,16,1,10,3,1,27,47
19,1605,2017,4,9,1,5,3,1,28,16
11,1605,2017,5,19,2,9,4,1,29,9
42,1605,2017,6,11,1,8,3,1,30,19
29,1605,2017,7,42,2,16,6,1,31,11
12,1605,2017,8,29,2,13,6,1,32,42
2,1605,2017,9,12,2,6,5,1,33,29
54,1607,2016,11,46,2,19,4,1,23,14
76,1607,2016,12,54,3,17,5,1,24,46
52,1607,2017,1,76,3,23,7,1,25,54
70,1607,2017,2,52,3,17,7,1,26,76
54,1607,2017,3,70,2,27,5,1,27,52
38,1607,2017,4,54,2,24,4,1,28,70
18,1607,2017,5,38,2,16,4,1,29,54
17,1607,2017,6,18,2,8,4,1,30,38
36,1607,2017,7,17,1,9,3,1,31,18
23,1607,2017,8,36,3,12,7,1,32,17
36,1607,2017,9,23,2,11,4,1,33,36
22,1569,2015,7,27,1,17,4,1,7,34
37,1569,2015,8,22,1,14,3,1,8,27
52,1569,2015,9,37,1,23,3,1,9,22
43,1569,2015,10,52,2,25,5,1,10,37
38,1569,2015,11,43,2,21,5,1,11,52
51,1569,2015,12,38,2,19,3,1,12,43
56,1569,2016,1,51,2,24,4,1,13,38
73,1569,2016,2,56,2,23,6,1,14,51
68,1569,2016,3,73,2,28,7,1,15,56
64,1569,2016,4,68,2,30,6,1,16,73
37,1569,2016,5,64,2,26,6,1,17,68
49,1569,2016,6,37,2,13,5,1,18,64
72,1569,2016,7,49,2,17,7,1,19,37
41,1569,2016,8,72,3,24,6,1,20,49
52,1570,2015,3,24,1,14,4,1,3,13
43,1570,2015,4,52,2,21,6,1,4,24
45,1570,2015,5,43,2,17,6,1,5,52
46,1570,2015,6,45,2,22,7,1,6,43
40,1570,2015,7,46,3,15,7,1,7,45
1,1570,2015,8,40,4,10,10,1,8,46
18,1570,2015,9,1,1,1,1,1,9,40
31,1570,2016,3,18,1,10,4,1,15,1
95,1570,2016,4,31,2,13,5,1,16,18
5,1570,2016,5,95,3,27,9,1,17,31
4,1570,2016,6,5,2,2,4,1,18,95
43,1570,2016,7,4,2,2,3,1,19,5
1,1570,2017,3,43,2,15,7,1,27,4
51,1570,2017,6,1,1,1,1,1,30,43
9,1570,2017,8,51,3,13,12,1,32,1
10,1584,2015,2,3,1,3,1,1,2,9
11,1584,2015,3,10,1,7,4,1,3,3
12,1584,2015,4,11,1,8,3,1,4,10
17,1584,2015,5,12,1,11,2,1,5,11
25,1584,2015,6,17,1,11,3,1,6,12
15,1584,2015,7,25,1,14,3,1,7,17
31,1584,2015,8,15,1,9,4,1,8,25
34,1584,2015,9,31,2,14,5,1,9,15
13,1584,2015,10,34,3,10,11,1,10,31
7,1584,2015,11,13,1,8,3,1,11,34
2,1584,2015,12,7,1,5,2,1,12,13
3,1584,2016,1,2,1,2,1,1,13,7
15,1584,2016,2,3,1,3,1,1,14,2
13,1584,2016,3,15,1,8,4,1,15,3
11,1584,2016,4,13,2,6,7,1,16,15
3,1584,2016,5,11,1,9,2,1,17,13
1,1584,2016,6,3,1,3,1,1,18,11
49,1585,2015,2,26,1,15,5,1,2,12
18,1585,2015,3,49,3,14,11,1,3,26
16,1585,2015,4,18,1,15,3,1,4,49
24,1585,2015,5,16,1,12,4,1,5,18
5,1585,2015,6,24,1,13,8,1,6,16
13,1585,2015,7,5,1,5,1,1,7,24
24,1585,2015,8,13,2,6,4,1,8,5
18,1585,2015,9,24,2,12,4,1,9,13
11,1585,2015,10,18,1,11,3,1,10,24
14,1585,2015,11,11,2,5,7,1,11,18
5,1585,2015,12,14,1,11,2,1,12,11
9,1585,2016,1,5,1,3,3,1,13,14
4,1585,2016,2,9,1,5,5,1,14,5
39,1586,2015,2,40,4,10,10,1,2,17
33,1586,2015,3,39,2,15,8,1,3,40
70,1586,2015,4,33,3,11,10,1,4,39
79,1586,2015,5,70,3,20,13,1,5,33
60,1586,2015,6,79,3,24,11,1,6,70
74,1586,2015,7,60,2,26,7,1,7,79
83,1586,2015,8,74,2,26,9,1,8,60
83,1586,2015,9,83,3,21,13,1,9,74
9,1586,2015,10,83,3,22,17,1,10,83
39,1586,2015,11,9,1,9,1,1,11,83
28,1586,2015,12,39,3,11,12,1,12,9
51,1586,2016,1,28,2,14,7,1,13,39
54,1586,2016,2,51,3,17,16,1,14,28
91,1586,2016,3,54,2,23,7,1,15,51
21,1586,2016,4,91,3,24,13,1,16,54
2,1586,2016,5,21,2,8,5,1,17,91
2,1586,2016,6,2,2,1,2,2,18,21
1,1586,2016,8,2,2,1,2,2,20,2
1,1586,2016,9,1,1,1,1,1,21,2
41,1587,2015,7,49,2,21,7,1,7,27
56,1587,2015,9,41,2,16,5,1,9,49
52,1587,2015,10,56,2,25,5,1,10,41
63,1587,2015,11,52,2,24,5,1,11,56
47,1587,2015,12,63,2,24,7,1,12,52
67,1587,2016,1,47,2,23,5,1,13,63
68,1587,2016,2,67,2,24,5,1,14,47
43,1587,2016,3,68,2,28,6,1,15,67
44,1587,2016,4,43,2,18,6,1,16,68
8,1587,2016,5,44,2,18,5,1,17,43
24,1587,2016,6,8,1,6,2,1,18,44
62,1587,2016,7,24,2,12,5,1,19,8
23,1587,2016,8,62,2,24,6,1,20,24
6,1587,2016,9,23,1,13,4,1,21,62
34,1587,2016,12,6,3,2,3,3,24,23
40,1587,2017,1,34,2,13,6,1,25,6
32,1587,2017,2,40,2,17,7,1,26,34
50,1587,2017,3,32,2,13,6,1,27,40
9,1587,2017,4,50,1,26,6,1,28,32
65,1587,2017,5,9,1,5,5,1,29,50
31,1587,2017,8,65,2,23,6,1,32,9
55,1587,2017,9,31,2,15,3,1,33,65
18,1601,2015,10,10,2,5,6,1,10,1
41,1601,2015,11,18,1,11,4,1,11,10
13,1601,2015,12,41,2,16,8,1,12,18
32,1601,2016,1,13,1,8,3,1,13,41
41,1601,2016,2,32,2,13,4,1,14,13
24,1601,2016,3,41,2,14,6,1,15,32
18,1601,2016,4,24,2,10,5,1,16,41
13,1601,2016,5,18,2,9,4,1,17,24
16,1601,2016,6,13,1,8,4,1,18,18
23,1601,2016,7,16,2,8,4,1,19,13
14,1601,2016,8,23,2,10,5,1,20,16
17,1601,2016,9,14,1,10,2,1,21,23
17,1601,2016,10,17,1,11,3,1,22,14
20,1601,2016,11,17,1,10,5,1,23,17
18,1601,2016,12,20,2,10,3,1,24,17
5,1601,2017,1,18,2,8,7,1,25,20
23,1601,2017,2,5,1,4,2,1,26,18
25,1601,2017,3,23,1,12,5,1,27,5
6,1601,2017,4,25,2,11,6,1,28,23
8,1601,2017,5,6,1,4,2,1,29,25
20,1601,2017,7,8,1,5,3,1,31,6
15,1601,2017,8,20,2,9,7,1,32,8
12,1601,2017,9,15,1,11,3,1,33,20
1,1602,2016,5,2,1,2,1,1,17,2
1,1602,2016,6,1,1,1,1,1,18,2
1,1602,2016,7,1,1,1,1,1,19,1
1,1602,2016,8,1,1,1,1,1,20,1
7,1602,2016,9,1,1,1,1,1,21,1
1,1602,2016,10,7,1,4,3,1,22,1
7,1602,2017,1,1,1,1,1,1,25,7
3,1602,2017,3,7,1,4,3,1,27,1
1,1602,2017,4,3,1,2,2,1,28,7
1,1602,2017,5,1,1,1,1,1,29,3
2,1602,2017,6,1,1,1,1,1,30,1
1,1602,2017,8,2,1,2,1,1,32,1
6,1603,2016,1,32,2,12,12,1,13,8
14,1603,2016,2,6,1,5,2,1,14,32
11,1603,2016,3,14,1,9,4,1,15,6
5,1603,2016,4,11,1,8,2,1,16,14
9,1603,2016,5,5,2,2,4,1,17,11
11,1603,2016,6,9,1,7,2,1,18,5
15,1603,2016,7,11,1,8,2,1,19,9
5,1603,2016,8,15,1,8,5,1,20,11
7,1603,2016,9,5,1,4,2,1,21,15
25,1603,2016,10,7,1,5,3,1,22,5
1,1603,2016,11,25,2,11,7,1,23,7
13,1603,2016,12,1,1,1,1,1,24,25
11,1603,2017,1,13,2,5,6,1,25,1
10,1603,2017,2,11,1,7,4,1,26,13
8,1603,2017,3,10,1,7,4,1,27,11
5,1603,2017,4,8,1,8,1,1,28,10
14,1603,2017,5,5,1,5,1,1,29,8
5,1603,2017,6,14,1,8,4,1,30,5
5,1603,2017,7,5,1,4,2,1,31,14
7,1603,2017,8,5,1,5,1,1,32,5
14,1603,2017,9,7,1,4,3,1,33,5
24,1604,2016,5,70,3,20,10,1,17,8
93,1604,2016,6,24,2,11,5,1,18,70
95,1604,2016,7,93,3,24,11,1,19,24
48,1604,2016,8,95,4,20,18,1,20,93
55,1604,2016,9,48,2,17,7,1,21,95
47,1604,2016,10,55,2,21,9,1,22,48
34,1604,2016,11,47,2,18,8,1,23,55
14,1604,2016,12,34,3,10,9,1,24,47
11,1604,2017,1,14,1,9,3,1,25,34
6,1604,2017,2,11,1,9,3,1,26,14
12,1604,2017,3,6,1,5,2,1,27,11
15,1604,2017,4,12,1,7,2,1,28,6
53,1604,2017,5,15,2,7,5,1,29,12
36,1604,2017,6,53,2,19,12,1,30,15
21,1604,2017,7,36,2,15,5,1,31,53
12,1604,2017,8,21,2,8,7,1,32,36
2,1604,2017,9,12,1,10,3,1,33,21
